index,customer_id,score,segmentation,gender,job_title,job_industry_category,wealth_segment,owns_car,tenure,age_class,state,property_valuation,percentage
0,1,Diamond,Loyal,Female,Executive Secretary,Health,Mass Customer,Yes,11,70-79,NSW,10,4.12
6,8,Diamond,Best,Male,Media Manager I,Financial Services,Mass Customer,No,7,60-69,NSW,4,4.12
10,13,Diamond,Loyal,Male,Developer I,Financial Services,High Net Worth,Yes,8,60-69,VIC,6,4.23
18,21,Diamond,Whales,Male,Safety Technician I,Manufacturing,Affluent Customer,Yes,16,40-49,NSW,7,6.01
19,24,Diamond,Best,Female,Research Assistant I,Argiculture,Mass Customer,Yes,15,40-49,NSW,10,5.67
20,25,Diamond,Best,Male,Accounting Assistant III,Financial Services,Mass Customer,Yes,21,40-49,QLD,3,5.23
24,29,Diamond,Best,Female,Safety Technician III,Manufacturing,Mass Customer,No,19,50-59,QLD,7,12.12
31,37,Diamond,Best,Female,Social Worker,Health,High Net Worth,No,16,30-39,QLD,1,18.02
33,39,Diamond,Loyal,Male,Assistant Media Planner,Entertainment,Mass Customer,No,22,40-49,NSW,10,15.13
34,40,Diamond,Whales,Female,Payment Adjustment Coordinator,Manufacturing,Affluent Customer,No,14,40-49,NSW,8,13.68
35,41,Diamond,Loyal,Male,Food Chemist,Health,Mass Customer,No,16,40-49,VIC,9,6.67
37,43,Diamond,Loyal,Female,Director of Sales,Retail,Mass Customer,No,5,40-49,QLD,8,5.01
38,44,Diamond,Loyal,Male,Assistant Media Planner,Entertainment,Affluent Customer,Yes,17,40-49,QLD,2,
41,47,Diamond,Loyal,Male,Registered Nurse,Health,Affluent Customer,No,2,30-39,NSW,4,
44,50,Diamond,Loyal,Male,Account Executive,Manufacturing,Mass Customer,Yes,16,40-49,NSW,10,
45,51,Diamond,Loyal,Male,Computer Systems Analyst II,Retail,Mass Customer,No,18,60-69,QLD,5,
46,52,Diamond,Whales,Male,Computer Systems Analyst II,Financial Services,Mass Customer,Yes,13,30-39,NSW,8,
48,54,Diamond,Loyal,Female,Sales Associate,Property,Mass Customer,Yes,18,50-59,NSW,8,
52,58,Diamond,Loyal,Female,Office Assistant III,Financial Services,Affluent Customer,Yes,17,50-59,NSW,9,
56,62,Diamond,Whales,Female,Help Desk Operator,IT,Mass Customer,Yes,22,40-49,NSW,8,
63,69,Diamond,Whales,Female,Web Developer II,Retail,Mass Customer,No,6,50-59,VIC,7,
69,75,Diamond,Loyal,Female,VP Product Management,Property,Mass Customer,No,19,40-49,NSW,8,
70,76,Diamond,Loyal,Female,Statistician II,Retail,High Net Worth,Yes,18,40-49,QLD,9,
74,80,Diamond,Loyal,Male,Data Coordiator,Entertainment,Mass Customer,No,13,40-49,VIC,1,
80,86,Diamond,Loyal,Male,Occupational Therapist,Health,High Net Worth,Yes,7,30-39,NSW,11,
81,87,Diamond,Best,Male,Editor,Financial Services,Mass Customer,No,8,50-59,NSW,12,
83,89,Diamond,Best,Male,Speech Pathologist,Health,Mass Customer,Yes,14,50-59,NSW,11,
85,91,Diamond,Best,Male,Senior Financial Analyst,Financial Services,Affluent Customer,Yes,17,60-69,NSW,9,
88,94,Diamond,Loyal,Male,Civil Engineer,Manufacturing,Mass Customer,No,21,50-59,NSW,7,
93,99,Diamond,Best,Male,VP Accounting,Financial Services,Mass Customer,No,3,20-29,NSW,9,
103,109,Diamond,Best,Male,Marketing Assistant,Financial Services,Affluent Customer,Yes,4,40-49,NSW,11,
104,110,Diamond,Loyal,Male,Marketing Assistant,Financial Services,Affluent Customer,No,1,20-29,VIC,8,
109,115,Diamond,Loyal,Male,Account Executive,Health,Mass Customer,No,18,40-49,VIC,1,
110,116,Diamond,Loyal,Male,Assistant Professor,Manufacturing,Affluent Customer,Yes,2,20-29,NSW,8,
111,117,Diamond,Best,Female,Marketing Manager,Manufacturing,Mass Customer,No,15,40-49,QLD,6,
118,124,Diamond,Best,Female,Administrative Assistant II,Health,High Net Worth,Yes,5,20-29,VIC,8,
121,127,Diamond,Best,Female,Compensation Analyst,Financial Services,Mass Customer,No,19,40-49,QLD,1,
130,136,Diamond,Loyal,Male,Senior Developer,Manufacturing,High Net Worth,Yes,7,50-59,QLD,3,
133,139,Diamond,Loyal,Male,Operator,Telecommunications,Affluent Customer,No,4,60-69,QLD,1,
136,142,Diamond,Best,Male,Quality Engineer,Health,Affluent Customer,No,17,50-59,VIC,9,
138,144,Diamond,Best,Female,Environmental Tech,IT,Mass Customer,No,12,60-69,NSW,3,
145,151,Diamond,Best,Male,Marketing Manager,Manufacturing,Mass Customer,Yes,13,50-59,NSW,9,
147,153,Diamond,Loyal,Female,Assistant Media Planner,Entertainment,Mass Customer,Yes,12,40-49,NSW,8,
159,165,Diamond,Best,Male,Administrative Officer,Argiculture,Mass Customer,Yes,12,40-49,NSW,10,
160,166,Diamond,Loyal,Male,Structural Analysis Engineer,Manufacturing,Affluent Customer,No,6,60-69,QLD,4,
161,167,Diamond,Best,Female,Structural Analysis Engineer,Health,High Net Worth,Yes,17,50-59,QLD,6,
165,171,Diamond,Best,Female,Assistant Manager,Manufacturing,Mass Customer,No,10,50-59,NSW,11,
166,172,Diamond,Loyal,Male,Editor,Manufacturing,Affluent Customer,Yes,6,30-39,VIC,4,
167,173,Diamond,Best,Female,General Manager,Health,Affluent Customer,No,1,20-29,NSW,8,
168,174,Diamond,Best,Female,Food Chemist,Health,Mass Customer,No,12,30-39,NSW,9,
171,177,Diamond,Loyal,Female,Professor,Financial Services,High Net Worth,No,4,30-39,NSW,5,
174,180,Diamond,Best,Female,Web Designer III,Argiculture,Affluent Customer,No,14,50-59,QLD,8,
176,182,Diamond,Best,Male,Sales Associate,Financial Services,Affluent Customer,Yes,7,30-39,QLD,4,
179,185,Diamond,Loyal,Male,Marketing Manager,Property,Mass Customer,Yes,13,40-49,NSW,5,
181,187,Diamond,Loyal,Male,Structural Engineer,Financial Services,Mass Customer,No,11,70-79,NSW,10,
183,189,Diamond,Whales,Male,Safety Technician I,Financial Services,Affluent Customer,No,10,40-49,VIC,4,
189,195,Diamond,Best,Female,Project Manager,Manufacturing,Mass Customer,No,6,60-69,VIC,9,
191,197,Diamond,Loyal,Female,Programmer Analyst II,Manufacturing,High Net Worth,No,5,40-49,NSW,12,
192,198,Diamond,Loyal,Female,Assistant Media Planner,Entertainment,Mass Customer,No,16,40-49,VIC,7,
194,200,Diamond,Best,Male,Physical Therapy Assistant,Property,Affluent Customer,Yes,19,60-69,QLD,2,
195,201,Diamond,Loyal,Male,Design Engineer,Manufacturing,Mass Customer,Yes,11,50-59,NSW,9,
198,204,Diamond,Loyal,Male,Editor,Financial Services,Mass Customer,No,5,40-49,VIC,10,
205,211,Diamond,Loyal,Female,VP Marketing,Manufacturing,Mass Customer,Yes,5,50-59,NSW,10,
207,213,Diamond,Loyal,Male,Actuary,Financial Services,High Net Worth,Yes,6,20-29,QLD,4,
209,215,Diamond,Best,Female,Assistant Professor,Retail,High Net Worth,Yes,18,50-59,QLD,3,
211,217,Diamond,Loyal,Female,Quality Engineer,Manufacturing,High Net Worth,No,16,40-49,NSW,11,
214,220,Diamond,Whales,Female,Electrical Engineer,Manufacturing,High Net Worth,No,9,70-79,VIC,8,
215,221,Diamond,Whales,Female,Tax Accountant,Manufacturing,Mass Customer,No,14,40-49,NSW,8,
217,223,Diamond,Loyal,Male,VP Sales,Health,Affluent Customer,Yes,14,40-49,NSW,7,
224,230,Diamond,Loyal,Female,Internal Auditor,Property,High Net Worth,No,11,70-79,NSW,11,
228,234,Diamond,Best,Female,Chief Design Engineer,Retail,High Net Worth,No,12,50-59,NSW,10,
229,235,Diamond,Best,Female,Social Worker,Health,Mass Customer,No,15,40-49,NSW,8,
231,237,Diamond,Loyal,Male,Account Coordinator,Property,High Net Worth,Yes,11,50-59,NSW,11,
233,239,Diamond,Best,Male,Registered Nurse,Health,Affluent Customer,No,3,30-39,QLD,3,
244,250,Diamond,Loyal,Male,Legal Assistant,Health,Mass Customer,Yes,13,30-39,NSW,10,
248,254,Diamond,Loyal,Female,Information Systems Manager,Retail,Mass Customer,No,14,60-69,VIC,1,
249,255,Diamond,Loyal,Female,Desktop Support Technician,IT,Mass Customer,No,5,70-79,VIC,2,
254,260,Diamond,Loyal,Female,Senior Quality Engineer,Health,High Net Worth,Yes,22,40-49,QLD,2,
255,261,Diamond,Loyal,Male,Structural Engineer,Health,Mass Customer,No,8,40-49,NSW,1,
264,270,Diamond,Best,Female,Budget/Accounting Analyst III,Property,Mass Customer,Yes,17,50-59,VIC,10,
267,273,Diamond,Loyal,Male,Computer Systems Analyst IV,Retail,Mass Customer,No,19,60-69,VIC,9,
274,280,Diamond,Loyal,Male,Geologist I,Manufacturing,Affluent Customer,Yes,5,20-29,NSW,8,
282,289,Diamond,Loyal,Female,Clinical Specialist,Health,High Net Worth,No,10,50-59,NSW,9,
285,292,Diamond,Loyal,Female,VP Product Management,Entertainment,Affluent Customer,Yes,9,60-69,QLD,8,
288,295,Diamond,Loyal,Female,Database Administrator II,Manufacturing,Mass Customer,Yes,18,50-59,QLD,6,
291,298,Diamond,Best,Male,Engineer I,Manufacturing,High Net Worth,No,9,60-69,VIC,8,
300,307,Diamond,Loyal,Male,Clinical Specialist,Health,Affluent Customer,Yes,12,40-49,VIC,9,
301,308,Diamond,Whales,Male,Database Administrator I,IT,High Net Worth,No,4,40-49,VIC,5,
303,310,Diamond,Best,Female,Account Coordinator,Financial Services,Mass Customer,Yes,18,30-39,NSW,9,
305,312,Diamond,Whales,Male,Desktop Support Technician,Financial Services,Affluent Customer,Yes,6,60-69,NSW,10,
307,314,Diamond,Loyal,Female,Marketing Assistant,Retail,High Net Worth,Yes,5,60-69,VIC,3,
311,318,Diamond,Best,Female,Programmer III,Retail,Affluent Customer,Yes,18,50-59,NSW,2,
313,320,Diamond,Best,Male,Registered Nurse,Health,Mass Customer,No,4,20-29,QLD,2,
315,322,Diamond,Best,Female,Research Associate,Financial Services,Mass Customer,Yes,11,40-49,QLD,6,
321,328,Diamond,Loyal,Female,Senior Developer,Manufacturing,Mass Customer,No,12,30-39,VIC,8,
326,333,Diamond,Loyal,Female,Sales Associate,Financial Services,Affluent Customer,Yes,8,50-59,QLD,5,
331,338,Diamond,Loyal,Female,Statistician IV,Health,Mass Customer,No,19,60-69,VIC,12,
337,344,Diamond,Best,Female,Recruiter,Property,High Net Worth,Yes,4,50-59,NSW,9,
338,345,Diamond,Best,Female,Senior Sales Associate,Health,High Net Worth,Yes,17,30-39,NSW,9,
339,346,Diamond,Best,Male,Financial Analyst,Financial Services,Mass Customer,No,3,40-49,NSW,10,
340,347,Diamond,Loyal,Male,Marketing Manager,Financial Services,Mass Customer,No,9,50-59,NSW,9,
345,352,Diamond,Whales,Male,Sales Representative,Retail,Mass Customer,No,4,40-49,QLD,6,
346,353,Diamond,Best,Female,Information Systems Manager,Retail,Mass Customer,No,3,40-49,VIC,9,
350,357,Diamond,Best,Female,Director of Sales,Entertainment,Affluent Customer,No,18,50-59,VIC,9,
352,359,Diamond,Loyal,Female,Legal Assistant,Manufacturing,Affluent Customer,Yes,6,60-69,NSW,4,
353,360,Diamond,Whales,Female,Staff Scientist,Property,Mass Customer,Yes,19,60-69,NSW,7,
356,363,Diamond,Whales,Female,Project Manager,Retail,Mass Customer,Yes,7,30-39,NSW,12,
358,365,Diamond,Loyal,Female,VP Quality Control,Property,High Net Worth,No,15,40-49,QLD,5,
361,368,Diamond,Best,Female,Programmer II,Financial Services,High Net Worth,No,6,30-39,QLD,6,
364,371,Diamond,Whales,Male,Systems Administrator III,Financial Services,Mass Customer,No,7,70-79,VIC,4,
367,374,Diamond,Whales,Male,Senior Financial Analyst,Financial Services,Mass Customer,Yes,8,30-39,VIC,10,
370,377,Diamond,Best,Male,Staff Scientist,Argiculture,Mass Customer,No,1,20-29,NSW,5,
373,380,Diamond,Loyal,Female,Structural Engineer,Property,Mass Customer,No,17,60-69,QLD,1,
374,381,Diamond,Best,Female,Sales Associate,Property,Affluent Customer,No,1,20-29,NSW,12,
387,394,Diamond,Loyal,Female,Legal Assistant,Health,High Net Worth,Yes,16,40-49,NSW,5,
388,395,Diamond,Loyal,Male,Data Coordiator,Retail,High Net Worth,Yes,9,40-49,VIC,7,
394,401,Diamond,Loyal,Female,Assistant Professor,Retail,Mass Customer,No,15,30-39,NSW,5,
397,404,Diamond,Best,Male,Geologist I,Financial Services,Affluent Customer,Yes,4,20-29,NSW,4,
400,407,Diamond,Best,Female,Structural Analysis Engineer,Financial Services,High Net Worth,Yes,15,40-49,NSW,8,
403,410,Diamond,Loyal,Female,Structural Engineer,Health,Mass Customer,Yes,11,30-39,NSW,8,
412,419,Diamond,Best,Female,VP Marketing,Manufacturing,Affluent Customer,No,17,40-49,QLD,8,
413,420,Diamond,Loyal,Male,Help Desk Operator,Entertainment,High Net Worth,No,7,60-69,VIC,7,
418,425,Diamond,Best,Female,Sales Representative,Retail,Mass Customer,Yes,20,70-79,NSW,3,
419,426,Diamond,Loyal,Female,Nuclear Power Engineer,Manufacturing,Affluent Customer,No,8,50-59,VIC,8,
422,429,Diamond,Loyal,Female,Community Outreach Specialist,IT,High Net Worth,Yes,21,40-49,NSW,3,
425,432,Diamond,Best,Male,Nuclear Power Engineer,Manufacturing,Affluent Customer,Yes,10,30-39,NSW,10,
426,433,Diamond,Loyal,Male,Statistician II,Property,Affluent Customer,No,15,60-69,VIC,2,
431,438,Diamond,Loyal,Male,Internal Auditor,Property,High Net Worth,Yes,13,30-39,VIC,4,
433,440,Diamond,Loyal,Female,Business Systems Development Analyst,Telecommunications,Mass Customer,No,10,40-49,NSW,6,
435,442,Diamond,Loyal,Male,Analyst Programmer,Financial Services,Mass Customer,No,1,20-29,QLD,6,
437,444,Diamond,Loyal,Female,Staff Scientist,Manufacturing,Mass Customer,Yes,8,50-59,NSW,6,
438,445,Diamond,Best,Male,Executive Secretary,Financial Services,Mass Customer,No,5,30-39,VIC,5,
439,446,Diamond,Loyal,Female,Tax Accountant,IT,Affluent Customer,Yes,4,40-49,NSW,9,
447,454,Diamond,Loyal,Female,Research Nurse,Health,Affluent Customer,Yes,6,60-69,QLD,10,
454,461,Diamond,Best,Female,Social Worker,Health,Mass Customer,Yes,14,40-49,NSW,10,
468,475,Diamond,Loyal,Male,Nuclear Power Engineer,Manufacturing,Affluent Customer,No,1,20-29,VIC,10,
471,478,Diamond,Loyal,Female,Chief Design Engineer,Financial Services,Affluent Customer,Yes,5,60-69,NSW,8,
483,490,Diamond,Loyal,Female,Environmental Tech,Argiculture,Mass Customer,No,6,30-39,VIC,11,
491,498,Diamond,Best,Female,VP Sales,Manufacturing,High Net Worth,Yes,10,40-49,NSW,3,
492,499,Diamond,Loyal,Male,Budget/Accounting Analyst III,Financial Services,Affluent Customer,No,19,60-69,VIC,7,
493,500,Diamond,Best,Male,Recruiting Manager,Retail,Affluent Customer,Yes,10,30-39,VIC,7,
499,506,Diamond,Loyal,Female,Health Coach II,Retail,Mass Customer,No,21,30-39,VIC,10,
500,507,Diamond,Loyal,Female,Health Coach II,Health,Mass Customer,No,7,50-59,NSW,8,
506,513,Diamond,Whales,Female,Tax Accountant,IT,Mass Customer,No,14,60-69,VIC,12,
508,515,Diamond,Best,Female,Help Desk Operator,IT,High Net Worth,No,8,30-39,NSW,12,
509,516,Diamond,Best,Male,Environmental Tech,Financial Services,Mass Customer,No,20,60-69,NSW,8,
526,533,Diamond,Whales,Male,Database Administrator III,Retail,Mass Customer,No,11,40-49,NSW,7,
527,534,Diamond,Best,Female,Systems Administrator I,Retail,Mass Customer,No,12,70-79,NSW,11,
531,538,Diamond,Whales,Female,Chemical Engineer,Manufacturing,Mass Customer,Yes,5,60-69,QLD,7,
538,545,Diamond,Whales,Female,Project Manager,Health,Mass Customer,Yes,18,40-49,NSW,8,
541,548,Diamond,Best,Female,Sales Associate,IT,High Net Worth,Yes,11,20-29,QLD,7,
542,549,Diamond,Loyal,Male,Human Resources Manager,Retail,Mass Customer,Yes,2,30-39,NSW,1,
549,556,Diamond,Whales,Female,Junior Executive,Property,Mass Customer,No,11,60-69,NSW,8,
569,576,Diamond,Whales,Male,Recruiter,Retail,Mass Customer,Yes,7,40-49,NSW,10,
570,577,Diamond,Best,Female,Recruiter,Property,Mass Customer,Yes,19,60-69,VIC,8,
572,579,Diamond,Loyal,Female,Software Engineer II,Health,Mass Customer,No,12,50-59,NSW,10,
583,590,Diamond,Loyal,Female,Assistant Professor,Health,Mass Customer,Yes,11,30-39,NSW,11,
587,594,Diamond,Loyal,Male,Office Assistant II,Manufacturing,Mass Customer,No,13,40-49,NSW,9,
598,605,Diamond,Best,Male,Electrical Engineer,Manufacturing,Mass Customer,Yes,5,50-59,NSW,8,
600,607,Diamond,Loyal,Female,Dental Hygienist,Health,Mass Customer,No,15,40-49,NSW,11,
604,611,Diamond,Loyal,Male,Help Desk Technician,Manufacturing,Mass Customer,Yes,16,30-39,QLD,8,
607,614,Diamond,Best,Female,Analyst Programmer,Manufacturing,Mass Customer,Yes,11,20-29,NSW,11,
614,621,Diamond,Best,Male,Systems Administrator III,Financial Services,High Net Worth,No,14,50-59,NSW,7,
623,630,Diamond,Loyal,Male,Statistician III,Property,Affluent Customer,Yes,17,30-39,NSW,10,
626,633,Diamond,Loyal,Male,Nurse,Health,High Net Worth,Yes,11,30-39,QLD,8,
627,634,Diamond,Best,Female,Speech Pathologist,Manufacturing,Mass Customer,No,15,40-49,NSW,3,
629,636,Diamond,Best,Female,Systems Administrator II,Manufacturing,Mass Customer,No,19,50-59,NSW,9,
630,637,Diamond,Best,Female,Health Coach I,Health,High Net Worth,No,13,40-49,NSW,8,
633,640,Diamond,Best,Male,Librarian,Entertainment,High Net Worth,Yes,10,40-49,NSW,9,
635,642,Diamond,Loyal,Male,Automation Specialist IV,Property,Mass Customer,No,12,50-59,QLD,8,
640,647,Diamond,Loyal,Male,Assistant Manager,Retail,Mass Customer,Yes,10,60-69,VIC,9,
641,648,Diamond,Loyal,Male,Accountant II,Financial Services,Mass Customer,Yes,9,40-49,QLD,7,
645,652,Diamond,Loyal,Female,Staff Scientist,Financial Services,High Net Worth,Yes,1,20-29,VIC,3,
649,656,Diamond,Best,Female,Automation Specialist III,Manufacturing,High Net Worth,Yes,8,40-49,VIC,5,
660,667,Diamond,Whales,Female,Payment Adjustment Coordinator,Manufacturing,High Net Worth,Yes,3,30-39,NSW,12,
661,668,Diamond,Best,Female,Junior Executive,Health,Mass Customer,No,7,50-59,NSW,9,
662,669,Diamond,Best,Female,Research Associate,Health,Mass Customer,No,3,40-49,QLD,7,
675,682,Diamond,Best,Male,Health Coach IV,Health,Affluent Customer,Yes,7,50-59,NSW,8,
684,691,Diamond,Loyal,Male,Assistant Professor,Financial Services,Affluent Customer,Yes,5,70-79,NSW,7,
685,692,Diamond,Loyal,Male,Database Administrator IV,Property,Mass Customer,No,7,30-39,NSW,9,
686,693,Diamond,Whales,Female,Database Administrator IV,Financial Services,Affluent Customer,Yes,19,50-59,QLD,4,
688,695,Diamond,Best,Male,Engineer II,Health,High Net Worth,No,11,40-49,NSW,8,
696,703,Diamond,Whales,Female,Help Desk Technician,Property,Mass Customer,No,15,50-59,NSW,6,
697,704,Diamond,Best,Female,Research Nurse,Health,Mass Customer,No,4,20-29,NSW,11,
703,710,Diamond,Loyal,Male,Sales Representative,Retail,High Net Worth,Yes,13,50-59,NSW,8,
705,712,Diamond,Loyal,Female,Sales Representative,IT,Mass Customer,No,14,60-69,NSW,9,
709,716,Diamond,Whales,Female,Social Worker,Health,Mass Customer,No,11,40-49,NSW,7,
712,719,Diamond,Best,Male,Administrative Officer,Retail,Mass Customer,No,14,70-79,QLD,1,
713,720,Diamond,Best,Male,Recruiting Manager,Retail,Affluent Customer,No,6,90-99,NSW,10,
714,721,Diamond,Best,Female,Account Representative III,Retail,Affluent Customer,Yes,1,30-39,VIC,8,
716,723,Diamond,Loyal,Female,Food Chemist,Health,Mass Customer,Yes,6,60-69,NSW,9,
717,724,Diamond,Best,Male,Analog Circuit Design manager,Financial Services,Mass Customer,Yes,4,40-49,NSW,8,
718,725,Diamond,Best,Male,Design Engineer,Health,High Net Worth,Yes,19,50-59,QLD,8,
721,728,Diamond,Best,Male,VP Accounting,Financial Services,Mass Customer,Yes,8,60-69,VIC,6,
722,729,Diamond,Best,Female,Analog Circuit Design manager,Health,Affluent Customer,No,11,50-59,VIC,9,
723,730,Diamond,Loyal,Male,Web Designer IV,Health,Mass Customer,No,14,50-59,VIC,10,
726,733,Diamond,Loyal,Male,Actuary,Manufacturing,Mass Customer,No,13,50-59,NSW,10,
729,736,Diamond,Whales,Male,Help Desk Operator,Financial Services,High Net Worth,No,8,50-59,VIC,5,
730,737,Diamond,Loyal,Female,Systems Administrator III,Financial Services,Mass Customer,No,16,40-49,QLD,2,
732,739,Diamond,Best,Male,Senior Editor,Manufacturing,Mass Customer,No,8,50-59,VIC,11,
745,752,Diamond,Loyal,Male,Speech Pathologist,Financial Services,High Net Worth,No,12,60-69,QLD,3,
751,759,Diamond,Loyal,Male,Clinical Specialist,Health,High Net Worth,No,13,60-69,NSW,10,
752,760,Diamond,Loyal,Male,Assistant Professor,Health,Mass Customer,Yes,18,40-49,NSW,9,
757,765,Diamond,Best,Female,Environmental Tech,Retail,Affluent Customer,No,16,30-39,VIC,1,
760,768,Diamond,Best,Female,Web Developer IV,Argiculture,Affluent Customer,Yes,21,50-59,NSW,9,
761,769,Diamond,Best,Male,Analog Circuit Design manager,IT,Mass Customer,No,12,60-69,NSW,8,
768,776,Diamond,Loyal,Male,Financial Analyst,Financial Services,High Net Worth,No,20,40-49,QLD,4,
778,786,Diamond,Best,Male,Assistant Professor,Financial Services,Affluent Customer,No,16,30-39,NSW,10,
780,788,Diamond,Loyal,Male,Social Worker,Health,Mass Customer,No,11,60-69,NSW,9,
781,789,Diamond,Loyal,Female,Geological Engineer,Manufacturing,Affluent Customer,Yes,14,40-49,NSW,11,
782,790,Diamond,Best,Female,Senior Editor,Manufacturing,Affluent Customer,No,15,50-59,VIC,9,
785,793,Diamond,Best,Female,Actuary,Financial Services,High Net Worth,Yes,9,30-39,NSW,10,
786,794,Diamond,Best,Male,Compensation Analyst,Financial Services,Affluent Customer,Yes,16,60-69,NSW,3,
788,796,Diamond,Best,Female,Financial Analyst,Financial Services,Mass Customer,No,2,20-29,VIC,8,
791,799,Diamond,Best,Female,Programmer I,IT,Mass Customer,Yes,10,30-39,NSW,8,
812,820,Diamond,Best,Female,Associate Professor,Financial Services,High Net Worth,No,16,40-49,NSW,12,
815,823,Diamond,Whales,Female,Internal Auditor,Manufacturing,Affluent Customer,No,9,30-39,NSW,11,
817,825,Diamond,Loyal,Male,Computer Systems Analyst IV,Financial Services,Affluent Customer,Yes,16,40-49,NSW,12,
819,827,Diamond,Loyal,Female,Recruiting Manager,Health,Affluent Customer,No,5,20-29,QLD,11,
821,829,Diamond,Whales,Male,Environmental Tech,Financial Services,High Net Worth,Yes,2,20-29,VIC,8,
824,832,Diamond,Best,Male,Research Assistant IV,Retail,Mass Customer,No,14,40-49,QLD,3,
825,833,Diamond,Best,Male,Safety Technician II,Retail,High Net Worth,Yes,4,20-29,NSW,7,
827,835,Diamond,Loyal,Male,Electrical Engineer,Manufacturing,Mass Customer,Yes,9,50-59,NSW,10,
836,844,Diamond,Loyal,Male,Nurse Practicioner,Financial Services,High Net Worth,No,9,40-49,NSW,5,
844,853,Diamond,Loyal,Female,Media Manager I,Retail,Mass Customer,Yes,16,40-49,NSW,2,
847,856,Diamond,Loyal,Male,Quality Engineer,Financial Services,Mass Customer,Yes,9,30-39,VIC,7,
848,857,Diamond,Whales,Female,General Manager,Financial Services,High Net Worth,No,4,60-69,QLD,4,
867,877,Diamond,Best,Female,Accounting Assistant III,Financial Services,Mass Customer,Yes,3,30-39,NSW,8,
876,886,Diamond,Best,Female,Accounting Assistant III,Health,Mass Customer,No,11,40-49,NSW,10,
877,887,Diamond,Loyal,Male,Accounting Assistant III,Manufacturing,High Net Worth,No,1,20-29,NSW,4,
892,902,Diamond,Best,Female,Staff Scientist,Retail,Mass Customer,No,18,30-39,NSW,3,
893,903,Diamond,Loyal,Male,Staff Scientist,Financial Services,Mass Customer,No,14,60-69,QLD,5,
896,906,Diamond,Best,Male,Financial Analyst,Financial Services,High Net Worth,Yes,3,20-29,VIC,9,
898,908,Diamond,Loyal,Female,Sales Associate,Financial Services,Affluent Customer,Yes,17,40-49,VIC,8,
902,912,Diamond,Loyal,Male,Sales Representative,Retail,Mass Customer,Yes,19,50-59,NSW,10,
907,917,Diamond,Loyal,Male,VP Product Management,Financial Services,Mass Customer,No,19,60-69,VIC,9,
908,918,Diamond,Whales,Male,Internal Auditor,Health,High Net Worth,No,13,40-49,VIC,4,
911,921,Diamond,Loyal,Female,Help Desk Technician,Manufacturing,Mass Customer,No,7,40-49,NSW,11,
915,925,Diamond,Best,Male,Accountant IV,Manufacturing,Affluent Customer,No,16,40-49,NSW,4,
918,928,Diamond,Loyal,Male,Associate Professor,Financial Services,High Net Worth,Yes,18,50-59,VIC,8,
924,934,Diamond,Best,Male,Human Resources Manager,Manufacturing,Mass Customer,No,6,20-29,NSW,12,
925,935,Diamond,Loyal,Male,Marketing Manager,Manufacturing,Mass Customer,Yes,3,20-29,NSW,10,
926,936,Diamond,Loyal,Male,Speech Pathologist,Health,High Net Worth,No,3,30-39,VIC,2,
928,938,Diamond,Loyal,Female,Technical Writer,Retail,Mass Customer,No,7,20-29,VIC,7,
931,941,Diamond,Loyal,Male,Recruiting Manager,Financial Services,Affluent Customer,Yes,1,20-29,QLD,8,
935,945,Diamond,Best,Male,Human Resources Manager,Manufacturing,High Net Worth,Yes,1,20-29,QLD,6,
936,946,Diamond,Best,Female,Research Associate,Manufacturing,High Net Worth,No,12,60-69,NSW,10,
943,953,Diamond,Best,Female,VP Sales,Financial Services,Mass Customer,No,7,40-49,QLD,1,
952,962,Diamond,Loyal,Male,VP Product Management,Financial Services,High Net Worth,Yes,17,40-49,VIC,8,
953,963,Diamond,Loyal,Female,Budget/Accounting Analyst I,Financial Services,High Net Worth,Yes,16,50-59,NSW,10,
958,968,Diamond,Loyal,Male,Accountant IV,IT,High Net Worth,Yes,16,60-69,NSW,6,
963,973,Diamond,Best,Female,Data Coordiator,Health,High Net Worth,No,15,40-49,VIC,7,
965,975,Diamond,Best,Female,Automation Specialist IV,IT,Mass Customer,No,9,30-39,NSW,8,
969,979,Diamond,Whales,Female,Budget/Accounting Analyst I,Manufacturing,High Net Worth,No,12,60-69,VIC,9,
971,981,Diamond,Loyal,Male,Registered Nurse,Retail,Mass Customer,No,11,50-59,NSW,9,
973,983,Diamond,Best,Female,Geologist III,IT,Affluent Customer,No,15,60-69,NSW,11,
977,987,Diamond,Best,Male,Senior Cost Accountant,Financial Services,Affluent Customer,Yes,11,40-49,QLD,9,
979,989,Diamond,Whales,Female,Project Manager,Financial Services,Mass Customer,No,17,40-49,QLD,4,
980,990,Diamond,Loyal,Female,Administrative Officer,Manufacturing,Mass Customer,Yes,14,40-49,NSW,7,
983,993,Diamond,Loyal,Female,Account Coordinator,Argiculture,High Net Worth,No,17,40-49,NSW,3,
985,995,Diamond,Best,Male,Information Systems Manager,Health,Mass Customer,Yes,19,50-59,QLD,5,
989,999,Diamond,Loyal,Female,Recruiting Manager,Manufacturing,High Net Worth,No,4,30-39,VIC,9,
990,1000,Diamond,Best,Female,Compensation Analyst,Financial Services,Mass Customer,No,11,40-49,VIC,9,
993,1003,Diamond,Loyal,Female,Paralegal,Financial Services,High Net Worth,No,18,50-59,QLD,7,
996,1006,Diamond,Loyal,Male,Quality Control Specialist,Telecommunications,Affluent Customer,Yes,19,40-49,VIC,8,
997,1007,Diamond,Loyal,Male,Quality Control Specialist,Retail,Mass Customer,No,5,20-29,NSW,12,
1004,1014,Diamond,Best,Male,Senior Developer,Property,Mass Customer,Yes,8,60-69,NSW,8,
1011,1021,Diamond,Loyal,Male,Mechanical Systems Engineer,Retail,High Net Worth,No,7,40-49,NSW,8,
1014,1024,Diamond,Loyal,Female,Social Worker,Health,High Net Worth,Yes,2,30-39,VIC,9,
1018,1028,Diamond,Best,Male,Project Manager,Financial Services,High Net Worth,No,1,20-29,NSW,9,
1020,1030,Diamond,Loyal,Female,Food Chemist,Health,Mass Customer,No,5,60-69,VIC,7,
1023,1033,Diamond,Best,Male,Executive Secretary,Manufacturing,Affluent Customer,Yes,3,20-29,QLD,9,
1029,1039,Diamond,Loyal,Female,Engineer I,Manufacturing,High Net Worth,Yes,15,40-49,NSW,4,
1039,1049,Diamond,Loyal,Male,Software Consultant,Property,Mass Customer,No,2,20-29,VIC,8,
1044,1054,Diamond,Loyal,Male,Nuclear Power Engineer,Manufacturing,Mass Customer,Yes,13,40-49,NSW,11,
1046,1056,Diamond,Best,Male,Software Test Engineer IV,Manufacturing,Affluent Customer,No,6,50-59,NSW,7,
1052,1062,Diamond,Whales,Female,Junior Executive,Financial Services,Mass Customer,No,14,40-49,NSW,11,
1058,1068,Diamond,Best,Male,Engineer IV,Health,Mass Customer,Yes,3,20-29,NSW,8,
1064,1074,Diamond,Best,Male,Accounting Assistant IV,Financial Services,High Net Worth,Yes,18,50-59,NSW,3,
1066,1076,Diamond,Best,Male,Pharmacist,Health,Affluent Customer,No,2,20-29,NSW,9,
1074,1084,Diamond,Best,Female,Accounting Assistant I,Retail,Affluent Customer,No,8,30-39,NSW,4,
1076,1086,Diamond,Best,Male,Statistician IV,Property,Mass Customer,Yes,4,30-39,VIC,9,
1081,1091,Diamond,Best,Male,Computer Systems Analyst II,Health,Mass Customer,No,15,40-49,VIC,7,
1084,1094,Diamond,Loyal,Male,Dental Hygienist,Health,High Net Worth,No,19,40-49,QLD,7,
1088,1098,Diamond,Best,Female,Administrative Assistant IV,Financial Services,Mass Customer,Yes,12,30-39,NSW,9,
1092,1102,Diamond,Best,Female,Recruiting Manager,Manufacturing,Affluent Customer,No,15,40-49,NSW,3,
1093,1103,Diamond,Loyal,Female,Financial Advisor,Financial Services,High Net Worth,Yes,20,40-49,NSW,10,
1094,1104,Diamond,Loyal,Female,Programmer III,Retail,Mass Customer,No,8,60-69,NSW,6,
1096,1106,Diamond,Best,Female,Software Consultant,Retail,Mass Customer,No,15,60-69,VIC,11,
1100,1110,Diamond,Whales,Male,Information Systems Manager,Retail,High Net Worth,No,12,30-39,VIC,7,
1101,1111,Diamond,Loyal,Male,Director of Sales,Retail,High Net Worth,Yes,18,60-69,VIC,6,
1103,1113,Diamond,Loyal,Male,Recruiter,Property,Mass Customer,No,6,30-39,NSW,12,
1105,1115,Diamond,Best,Female,Account Coordinator,Retail,High Net Worth,Yes,17,50-59,NSW,10,
1113,1123,Diamond,Whales,Male,Registered Nurse,Property,Mass Customer,No,13,60-69,NSW,7,
1119,1129,Diamond,Loyal,Male,VP Marketing,Entertainment,Mass Customer,Yes,9,40-49,QLD,8,
1121,1131,Diamond,Loyal,Male,VP Marketing,Entertainment,Mass Customer,No,15,60-69,QLD,3,
1122,1132,Diamond,Loyal,Female,Actuary,Financial Services,Affluent Customer,Yes,9,30-39,VIC,7,
1123,1133,Diamond,Best,Male,Actuary,Manufacturing,Affluent Customer,No,6,50-59,QLD,4,
1127,1137,Diamond,Best,Male,Business Systems Development Analyst,Property,Mass Customer,No,18,40-49,VIC,3,
1130,1140,Diamond,Best,Female,Executive Secretary,Manufacturing,Mass Customer,Yes,13,30-39,NSW,10,
1134,1144,Diamond,Best,Male,Environmental Specialist,Health,High Net Worth,Yes,5,20-29,NSW,9,
1142,1152,Diamond,Best,Male,Business Systems Development Analyst,Financial Services,Mass Customer,Yes,3,20-29,QLD,10,
1148,1158,Diamond,Whales,Male,Senior Quality Engineer,Health,Mass Customer,Yes,19,30-39,VIC,4,
1155,1165,Diamond,Loyal,Female,Administrative Assistant IV,Financial Services,High Net Worth,No,2,30-39,NSW,1,
1158,1168,Diamond,Loyal,Male,Pharmacist,Health,Affluent Customer,No,18,50-59,VIC,8,
1159,1169,Diamond,Loyal,Female,Actuary,Financial Services,Mass Customer,Yes,13,50-59,NSW,10,
1161,1171,Diamond,Loyal,Female,Human Resources Manager,IT,Affluent Customer,Yes,8,50-59,QLD,8,
1168,1178,Diamond,Loyal,Male,Pharmacist,Health,Mass Customer,No,13,50-59,NSW,9,
1171,1181,Diamond,Loyal,Female,Tax Accountant,Argiculture,Mass Customer,No,8,40-49,QLD,8,
1172,1182,Diamond,Best,Female,Data Coordiator,IT,Mass Customer,Yes,7,40-49,NSW,3,
1174,1184,Diamond,Whales,Female,Social Worker,Health,Mass Customer,No,13,50-59,NSW,9,
1184,1194,Diamond,Loyal,Female,Junior Executive,Telecommunications,Affluent Customer,No,3,30-39,QLD,4,
1195,1205,Diamond,Loyal,Male,Business Systems Development Analyst,Manufacturing,Affluent Customer,No,13,40-49,NSW,10,
1200,1210,Diamond,Best,Female,Programmer II,IT,Mass Customer,No,22,40-49,NSW,9,
1207,1217,Diamond,Loyal,Female,Structural Engineer,Manufacturing,High Net Worth,No,16,50-59,NSW,4,
1214,1224,Diamond,Loyal,Female,Junior Executive,Manufacturing,Mass Customer,No,16,40-49,NSW,6,
1217,1227,Diamond,Loyal,Female,Software Engineer I,IT,Affluent Customer,Yes,12,30-39,NSW,7,
1219,1229,Diamond,Loyal,Male,GIS Technical Architect,Manufacturing,Affluent Customer,Yes,1,20-29,NSW,11,
1222,1232,Diamond,Best,Male,Help Desk Operator,Property,Affluent Customer,No,20,60-69,QLD,8,
1223,1233,Diamond,Best,Female,Help Desk Operator,Retail,Affluent Customer,Yes,16,40-49,NSW,11,
1227,1237,Diamond,Best,Female,Research Nurse,Health,High Net Worth,No,16,50-59,VIC,4,
1240,1250,Diamond,Loyal,Female,Help Desk Technician,Manufacturing,Mass Customer,No,1,20-29,QLD,7,
1242,1252,Diamond,Best,Male,Recruiting Manager,Manufacturing,Mass Customer,Yes,14,50-59,QLD,4,
1248,1258,Diamond,Loyal,Male,Geological Engineer,Manufacturing,Mass Customer,No,6,40-49,QLD,1,
1262,1272,Diamond,Best,Female,Accounting Assistant II,Manufacturing,Affluent Customer,No,17,30-39,QLD,5,
1264,1274,Diamond,Loyal,Male,Mechanical Systems Engineer,Manufacturing,Mass Customer,No,20,40-49,QLD,7,
1272,1282,Diamond,Loyal,Male,Programmer Analyst III,Entertainment,Affluent Customer,Yes,14,40-49,QLD,5,
1277,1287,Diamond,Loyal,Male,Systems Administrator I,Financial Services,Mass Customer,Yes,20,60-69,QLD,4,
1279,1289,Diamond,Whales,Male,Desktop Support Technician,Financial Services,Mass Customer,Yes,8,50-59,QLD,1,
1280,1290,Diamond,Loyal,Male,VP Marketing,Financial Services,High Net Worth,Yes,6,50-59,QLD,5,
1281,1291,Diamond,Best,Male,Quality Engineer,Health,Mass Customer,No,12,40-49,QLD,2,
1289,1299,Diamond,Best,Female,Media Manager IV,Health,Affluent Customer,No,12,40-49,QLD,8,
1290,1300,Diamond,Whales,Female,Physical Therapy Assistant,Financial Services,Affluent Customer,Yes,9,30-39,QLD,9,
1291,1301,Diamond,Loyal,Female,Structural Analysis Engineer,Health,Mass Customer,No,9,30-39,QLD,7,
1292,1302,Diamond,Loyal,Female,Biostatistician I,Financial Services,Affluent Customer,Yes,2,20-29,QLD,7,
1293,1303,Diamond,Whales,Male,Biostatistician I,Argiculture,Mass Customer,No,15,50-59,QLD,1,
1296,1306,Diamond,Whales,Male,Occupational Therapist,Health,Affluent Customer,Yes,13,60-69,QLD,7,
1298,1308,Diamond,Whales,Male,Analog Circuit Design manager,Health,Affluent Customer,Yes,18,40-49,QLD,7,
1303,1313,Diamond,Best,Male,Analyst Programmer,Property,Mass Customer,No,22,30-39,QLD,4,
1305,1315,Diamond,Loyal,Female,Clinical Specialist,IT,Mass Customer,Yes,12,50-59,VIC,10,
1307,1317,Diamond,Best,Male,General Manager,Retail,Mass Customer,Yes,5,50-59,QLD,2,
1308,1318,Diamond,Loyal,Female,Senior Developer,Financial Services,Mass Customer,Yes,4,50-59,QLD,6,
1318,1328,Diamond,Best,Male,Budget/Accounting Analyst IV,IT,Mass Customer,Yes,6,40-49,VIC,8,
1319,1329,Diamond,Best,Female,Database Administrator IV,IT,Mass Customer,No,11,30-39,VIC,7,
1321,1331,Diamond,Best,Male,Tax Accountant,Telecommunications,High Net Worth,No,17,30-39,VIC,7,
1322,1332,Diamond,Loyal,Male,Technical Writer,Telecommunications,Mass Customer,Yes,12,40-49,VIC,10,
1332,1342,Diamond,Whales,Male,Computer Systems Analyst I,Retail,Affluent Customer,Yes,11,60-69,NSW,8,
1336,1346,Diamond,Best,Male,Administrative Assistant IV,Telecommunications,Mass Customer,No,19,50-59,VIC,4,
1341,1351,Diamond,Whales,Female,Office Assistant IV,IT,High Net Worth,No,5,60-69,VIC,2,
1343,1353,Diamond,Loyal,Female,Clinical Specialist,Health,Mass Customer,Yes,11,40-49,VIC,1,
1346,1356,Diamond,Whales,Female,Account Representative I,Property,High Net Worth,No,13,40-49,VIC,8,
1347,1357,Diamond,Best,Male,Research Nurse,Health,High Net Worth,No,6,30-39,VIC,1,
1348,1358,Diamond,Best,Male,Dental Hygienist,Health,High Net Worth,No,6,30-39,VIC,3,
1353,1363,Diamond,Loyal,Male,Associate Professor,Financial Services,Mass Customer,No,18,60-69,VIC,5,
1357,1367,Diamond,Loyal,Female,Internal Auditor,Retail,Mass Customer,No,18,50-59,VIC,7,
1363,1374,Diamond,Loyal,Male,Director of Sales,Manufacturing,Mass Customer,No,8,40-49,VIC,10,
1367,1378,Diamond,Whales,Female,Mechanical Systems Engineer,Property,Affluent Customer,Yes,7,40-49,VIC,6,
1377,1388,Diamond,Whales,Male,Internal Auditor,Financial Services,Mass Customer,No,7,50-59,VIC,8,
1378,1389,Diamond,Loyal,Female,Internal Auditor,Health,Affluent Customer,No,15,60-69,VIC,10,
1379,1390,Diamond,Loyal,Female,Accounting Assistant I,Retail,High Net Worth,Yes,1,20-29,VIC,7,
1385,1396,Diamond,Best,Male,Cost Accountant,Financial Services,Mass Customer,No,18,30-39,VIC,4,
1387,1398,Diamond,Loyal,Female,Project Manager,Manufacturing,Mass Customer,No,17,50-59,VIC,6,
1393,1404,Diamond,Best,Male,Chemical Engineer,Manufacturing,Mass Customer,Yes,14,60-69,VIC,8,
1396,1407,Diamond,Best,Female,Structural Analysis Engineer,Manufacturing,Mass Customer,Yes,9,40-49,VIC,10,
1399,1410,Diamond,Loyal,Female,Marketing Manager,Retail,High Net Worth,Yes,6,20-29,NSW,5,
1406,1417,Diamond,Loyal,Female,Assistant Manager,Manufacturing,High Net Worth,Yes,20,60-69,NSW,7,
1415,1426,Diamond,Loyal,Female,Financial Advisor,Financial Services,Mass Customer,No,17,60-69,NSW,8,
1417,1428,Diamond,Best,Female,Sales Representative,Retail,High Net Worth,No,1,20-29,NSW,8,
1424,1435,Diamond,Loyal,Male,Software Engineer II,Telecommunications,Affluent Customer,Yes,19,50-59,NSW,8,
1427,1438,Diamond,Best,Female,Social Worker,Health,Mass Customer,Yes,14,40-49,NSW,8,
1429,1440,Diamond,Whales,Female,Human Resources Manager,Financial Services,High Net Worth,Yes,12,50-59,NSW,9,
1432,1443,Diamond,Loyal,Female,Human Resources Manager,Financial Services,Affluent Customer,Yes,22,30-39,NSW,7,
1435,1446,Diamond,Best,Male,Engineer I,Manufacturing,Mass Customer,No,17,30-39,VIC,2,
1438,1449,Diamond,Whales,Female,Staff Accountant IV,Property,High Net Worth,No,4,50-59,NSW,3,
1440,1451,Diamond,Loyal,Female,Junior Executive,Argiculture,Mass Customer,Yes,16,40-49,NSW,9,
1449,1460,Diamond,Best,Male,Information Systems Manager,Financial Services,High Net Worth,Yes,13,50-59,NSW,9,
1450,1461,Diamond,Best,Male,Information Systems Manager,Retail,Mass Customer,Yes,9,60-69,NSW,9,
1457,1468,Diamond,Loyal,Female,Financial Advisor,Financial Services,Mass Customer,No,22,40-49,NSW,9,
1459,1470,Diamond,Best,Male,Senior Cost Accountant,Financial Services,High Net Worth,Yes,8,20-29,NSW,8,
1460,1471,Diamond,Whales,Female,Senior Cost Accountant,Financial Services,Mass Customer,No,15,40-49,NSW,9,
1462,1473,Diamond,Loyal,Male,VP Product Management,Financial Services,Mass Customer,Yes,20,60-69,NSW,5,
1464,1475,Diamond,Loyal,Male,Recruiting Manager,Retail,Affluent Customer,Yes,7,30-39,NSW,6,
1466,1477,Diamond,Best,Female,Actuary,Financial Services,Mass Customer,Yes,13,30-39,NSW,3,
1467,1478,Diamond,Best,Male,VP Quality Control,Financial Services,High Net Worth,No,9,30-39,NSW,2,
1469,1480,Diamond,Loyal,Female,Legal Assistant,Argiculture,High Net Worth,Yes,5,20-29,NSW,7,
1470,1481,Diamond,Loyal,Female,Senior Financial Analyst,Financial Services,Affluent Customer,No,14,40-49,NSW,3,
1471,1482,Diamond,Loyal,Male,Electrical Engineer,Manufacturing,Mass Customer,No,12,40-49,NSW,8,
1472,1483,Diamond,Loyal,Female,Senior Quality Engineer,Telecommunications,Mass Customer,Yes,14,50-59,NSW,10,
1481,1492,Diamond,Best,Female,Media Manager I,Health,Mass Customer,No,7,40-49,NSW,3,
1482,1493,Diamond,Best,Female,Engineer II,Argiculture,High Net Worth,No,22,30-39,NSW,5,
1483,1494,Diamond,Best,Male,Geologist I,Argiculture,Mass Customer,Yes,7,30-39,NSW,5,
1491,1502,Diamond,Loyal,Female,Design Engineer,Financial Services,Affluent Customer,Yes,11,30-39,NSW,4,
1494,1505,Diamond,Whales,Male,Recruiting Manager,Financial Services,Mass Customer,No,3,30-39,NSW,12,
1495,1506,Diamond,Best,Male,Recruiting Manager,Property,Mass Customer,No,17,60-69,NSW,8,
1500,1511,Diamond,Loyal,Male,Internal Auditor,Financial Services,Mass Customer,No,4,30-39,NSW,10,
1504,1515,Diamond,Loyal,Male,Geological Engineer,Manufacturing,Mass Customer,Yes,2,30-39,NSW,10,
1506,1517,Diamond,Loyal,Male,Operator,IT,Affluent Customer,No,12,30-39,NSW,10,
1508,1519,Diamond,Best,Male,Administrative Assistant IV,Telecommunications,High Net Worth,Yes,1,20-29,NSW,8,
1516,1527,Diamond,Loyal,Male,Chemical Engineer,Manufacturing,Mass Customer,No,2,20-29,NSW,1,
1519,1530,Diamond,Best,Male,Pharmacist,Health,Mass Customer,Yes,9,40-49,NSW,8,
1520,1531,Diamond,Loyal,Female,Administrative Assistant III,Financial Services,Mass Customer,Yes,13,50-59,NSW,9,
1526,1537,Diamond,Loyal,Male,Librarian,Entertainment,Mass Customer,No,10,50-59,NSW,8,
1529,1540,Diamond,Whales,Female,Mechanical Systems Engineer,Property,Mass Customer,Yes,19,60-69,NSW,11,
1534,1545,Diamond,Loyal,Male,Associate Professor,Health,Mass Customer,Yes,15,40-49,VIC,10,
1536,1547,Diamond,Loyal,Female,Account Coordinator,Financial Services,Mass Customer,Yes,12,30-39,NSW,10,
1538,1549,Diamond,Loyal,Female,Account Coordinator,Financial Services,Affluent Customer,Yes,4,20-29,NSW,7,
1540,1551,Diamond,Best,Female,Computer Systems Analyst I,Entertainment,Affluent Customer,No,17,40-49,NSW,12,
1543,1554,Diamond,Best,Male,Assistant Manager,Retail,Affluent Customer,No,3,30-39,NSW,8,
1547,1558,Diamond,Best,Male,Information Systems Manager,Financial Services,Affluent Customer,No,2,30-39,NSW,10,
1548,1559,Diamond,Loyal,Male,Information Systems Manager,Health,High Net Worth,Yes,12,40-49,NSW,9,
1550,1561,Diamond,Loyal,Male,Graphic Designer,Manufacturing,Mass Customer,Yes,14,40-49,NSW,9,
1556,1567,Diamond,Best,Female,Teacher,Argiculture,Mass Customer,No,16,50-59,NSW,8,
1559,1570,Diamond,Loyal,Female,Staff Accountant III,Entertainment,Mass Customer,No,17,20-29,NSW,12,
1565,1576,Diamond,Loyal,Male,VP Marketing,Financial Services,Mass Customer,No,20,30-39,NSW,9,
1566,1577,Diamond,Best,Female,Automation Specialist I,Manufacturing,High Net Worth,No,10,40-49,NSW,11,
1567,1578,Diamond,Best,Male,Automation Specialist I,Health,High Net Worth,Yes,11,40-49,NSW,8,
1568,1579,Diamond,Loyal,Female,Desktop Support Technician,Financial Services,Affluent Customer,Yes,17,40-49,NSW,10,
1575,1586,Diamond,Whales,Female,Physical Therapy Assistant,Manufacturing,High Net Worth,No,15,30-39,NSW,11,
1577,1588,Diamond,Loyal,Male,Administrative Officer,IT,High Net Worth,Yes,7,40-49,NSW,11,
1578,1589,Diamond,Whales,Male,Human Resources Manager,Health,Mass Customer,Yes,4,30-39,NSW,9,
1580,1591,Diamond,Loyal,Male,Operator,Manufacturing,Mass Customer,Yes,14,40-49,NSW,12,
1586,1597,Diamond,Best,Male,Nurse Practicioner,Retail,Affluent Customer,No,14,40-49,NSW,10,
1588,1599,Diamond,Best,Male,Safety Technician III,Retail,Affluent Customer,No,1,20-29,NSW,11,
1589,1600,Diamond,Loyal,Female,Senior Financial Analyst,Financial Services,High Net Worth,No,2,30-39,QLD,9,
1600,1611,Diamond,Loyal,Male,Developer IV,Health,High Net Worth,Yes,13,50-59,NSW,9,
1605,1616,Diamond,Best,Male,Media Manager II,Retail,High Net Worth,Yes,19,60-69,QLD,4,
1614,1625,Diamond,Best,Male,Information Systems Manager,Property,Mass Customer,Yes,10,40-49,NSW,8,
1616,1627,Diamond,Best,Male,Librarian,Entertainment,Affluent Customer,No,16,60-69,VIC,9,
1618,1629,Diamond,Best,Male,VP Accounting,Financial Services,Mass Customer,No,14,50-59,QLD,5,
1630,1641,Diamond,Loyal,Male,Community Outreach Specialist,Financial Services,Mass Customer,No,14,50-59,VIC,4,
1632,1643,Diamond,Loyal,Female,Systems Administrator II,Retail,Mass Customer,No,19,60-69,NSW,10,
1633,1644,Diamond,Best,Male,Speech Pathologist,Health,Mass Customer,No,10,50-59,NSW,9,
1635,1646,Diamond,Loyal,Female,Senior Financial Analyst,Financial Services,Mass Customer,Yes,1,30-39,NSW,12,
1659,1670,Diamond,Loyal,Female,Web Designer II,Retail,Mass Customer,No,19,40-49,NSW,11,
1661,1672,Diamond,Loyal,Female,Design Engineer,IT,Affluent Customer,Yes,9,60-69,NSW,11,
1667,1678,Diamond,Loyal,Female,Editor,Financial Services,High Net Worth,Yes,13,40-49,NSW,12,
1679,1690,Diamond,Loyal,Male,Food Chemist,Health,Affluent Customer,Yes,16,30-39,NSW,10,
1680,1691,Diamond,Best,Male,Account Coordinator,Health,High Net Worth,Yes,7,40-49,NSW,12,
1683,1694,Diamond,Best,Male,Accountant I,IT,Mass Customer,Yes,19,60-69,VIC,1,
1685,1696,Diamond,Loyal,Male,Librarian,Entertainment,High Net Worth,No,2,30-39,NSW,10,
1687,1698,Diamond,Loyal,Female,Occupational Therapist,Health,Affluent Customer,Yes,18,50-59,NSW,9,
1695,1706,Diamond,Best,Male,Research Associate,Financial Services,High Net Worth,Yes,10,60-69,NSW,11,
1696,1707,Diamond,Loyal,Male,Cost Accountant,Financial Services,High Net Worth,No,7,30-39,QLD,8,
1702,1713,Diamond,Best,Female,Teacher,Retail,High Net Worth,Yes,21,30-39,VIC,9,
1710,1721,Diamond,Best,Female,Senior Quality Engineer,Financial Services,High Net Worth,No,14,40-49,QLD,4,
1711,1722,Diamond,Best,Male,Cost Accountant,Financial Services,Mass Customer,No,4,60-69,NSW,4,
1714,1725,Diamond,Loyal,Female,Junior Executive,Manufacturing,High Net Worth,Yes,16,40-49,NSW,7,
1729,1740,Diamond,Best,Female,Research Associate,IT,Mass Customer,Yes,6,60-69,VIC,8,
1734,1745,Diamond,Loyal,Female,Chief Design Engineer,Financial Services,Mass Customer,Yes,6,60-69,QLD,4,
1737,1748,Diamond,Best,Male,Recruiter,Manufacturing,Mass Customer,Yes,10,60-69,QLD,8,
1749,1760,Diamond,Whales,Female,Dental Hygienist,Health,High Net Worth,No,15,50-59,VIC,8,
1751,1762,Diamond,Best,Female,Research Assistant II,Health,Mass Customer,Yes,18,40-49,VIC,9,
1752,1763,Diamond,Loyal,Female,Automation Specialist I,Manufacturing,Affluent Customer,Yes,7,20-29,VIC,6,
1759,1770,Diamond,Best,Female,Junior Executive,Manufacturing,Mass Customer,Yes,7,20-29,NSW,10,
1762,1773,Diamond,Best,Female,Financial Analyst,IT,Mass Customer,Yes,4,40-49,NSW,8,
1772,1783,Diamond,Loyal,Male,Pharmacist,Retail,Mass Customer,Yes,7,20-29,NSW,8,
1776,1787,Diamond,Whales,Male,Executive Secretary,Retail,High Net Worth,Yes,13,40-49,VIC,1,
1777,1788,Diamond,Loyal,Female,Account Representative IV,Financial Services,High Net Worth,Yes,10,60-69,NSW,5,
1781,1792,Diamond,Best,Male,Data Coordiator,Financial Services,Mass Customer,No,15,30-39,NSW,9,
1786,1797,Diamond,Loyal,Male,Assistant Professor,Manufacturing,Mass Customer,No,8,50-59,VIC,7,
1787,1798,Diamond,Loyal,Female,Electrical Engineer,Manufacturing,High Net Worth,Yes,1,20-29,VIC,6,
1790,1801,Diamond,Loyal,Male,Legal Assistant,Manufacturing,Affluent Customer,No,21,40-49,QLD,7,
1791,1802,Diamond,Best,Female,Nuclear Power Engineer,Manufacturing,Mass Customer,No,7,50-59,QLD,9,
1795,1806,Diamond,Loyal,Female,Software Test Engineer IV,IT,Mass Customer,No,8,40-49,QLD,1,
1800,1811,Diamond,Loyal,Male,Geological Engineer,Financial Services,Mass Customer,No,1,20-29,NSW,12,
1801,1812,Diamond,Best,Female,Clinical Specialist,Health,Affluent Customer,No,14,60-69,NSW,9,
1806,1817,Diamond,Loyal,Male,Graphic Designer,Argiculture,High Net Worth,No,19,40-49,VIC,6,
1807,1818,Diamond,Best,Female,Assistant Media Planner,Entertainment,Mass Customer,Yes,11,50-59,VIC,8,
1809,1820,Diamond,Loyal,Male,Software Engineer II,IT,Affluent Customer,No,5,20-29,NSW,10,
1810,1821,Diamond,Best,Male,Web Developer IV,Entertainment,High Net Worth,Yes,15,50-59,NSW,9,
1813,1824,Diamond,Loyal,Female,Safety Technician III,Manufacturing,Affluent Customer,Yes,5,60-69,VIC,6,
1819,1830,Diamond,Best,Male,Software Consultant,Manufacturing,High Net Worth,No,12,30-39,NSW,8,
1826,1837,Diamond,Loyal,Male,Account Coordinator,Manufacturing,Mass Customer,Yes,19,50-59,NSW,8,
1834,1845,Diamond,Best,Male,General Manager,Financial Services,Mass Customer,No,6,40-49,NSW,12,
1839,1850,Diamond,Loyal,Male,Biostatistician II,Manufacturing,High Net Worth,No,7,40-49,NSW,9,
1842,1853,Diamond,Loyal,Female,Recruiter,Manufacturing,Mass Customer,Yes,17,30-39,VIC,6,
1847,1858,Diamond,Best,Female,Senior Sales Associate,Manufacturing,High Net Worth,Yes,11,60-69,NSW,8,
1849,1860,Diamond,Whales,Female,Nuclear Power Engineer,Manufacturing,Mass Customer,Yes,17,40-49,QLD,6,
1852,1863,Diamond,Whales,Male,VP Product Management,Telecommunications,High Net Worth,No,20,40-49,NSW,1,
1853,1864,Diamond,Loyal,Female,Senior Quality Engineer,Retail,Mass Customer,No,18,60-69,QLD,7,
1855,1866,Diamond,Loyal,Male,Marketing Manager,Manufacturing,Mass Customer,No,2,30-39,NSW,12,
1856,1867,Diamond,Best,Female,Senior Developer,Manufacturing,Affluent Customer,No,3,30-39,NSW,6,
1859,1870,Diamond,Loyal,Female,Graphic Designer,Financial Services,Affluent Customer,No,9,50-59,QLD,9,
1870,1881,Diamond,Loyal,Male,Quality Control Specialist,Manufacturing,Affluent Customer,Yes,12,60-69,NSW,8,
1873,1884,Diamond,Loyal,Female,Account Executive,Manufacturing,Mass Customer,Yes,17,50-59,NSW,12,
1874,1885,Diamond,Best,Male,Software Consultant,Health,High Net Worth,Yes,11,40-49,NSW,8,
1876,1887,Diamond,Loyal,Female,Director of Sales,IT,Affluent Customer,Yes,8,50-59,VIC,9,
1879,1890,Diamond,Loyal,Male,Analyst Programmer,Financial Services,Mass Customer,No,7,50-59,QLD,7,
1882,1893,Diamond,Best,Male,Administrative Officer,Retail,Mass Customer,No,5,50-59,QLD,4,
1894,1905,Diamond,Best,Female,Help Desk Technician,Manufacturing,Affluent Customer,No,15,70-79,NSW,6,
1903,1914,Diamond,Loyal,Male,VP Product Management,Financial Services,Mass Customer,No,5,50-59,QLD,6,
1905,1916,Diamond,Loyal,Male,Computer Systems Analyst II,Retail,High Net Worth,Yes,7,20-29,NSW,4,
1906,1917,Diamond,Loyal,Female,Senior Sales Associate,Argiculture,Affluent Customer,Yes,8,50-59,NSW,4,
1914,1925,Diamond,Loyal,Female,VP Product Management,Health,Mass Customer,Yes,7,40-49,QLD,7,
1915,1926,Diamond,Whales,Male,Senior Cost Accountant,Financial Services,High Net Worth,Yes,10,60-69,QLD,5,
1922,1933,Diamond,Loyal,Male,Automation Specialist I,Manufacturing,Affluent Customer,No,18,40-49,NSW,11,
1926,1937,Diamond,Loyal,Male,Quality Engineer,Health,Mass Customer,No,19,50-59,NSW,3,
1931,1942,Diamond,Best,Male,Programmer Analyst II,Financial Services,High Net Worth,No,19,30-39,NSW,9,
1936,1947,Diamond,Loyal,Female,Geologist II,Telecommunications,Affluent Customer,Yes,18,60-69,NSW,8,
1939,1950,Diamond,Best,Male,Web Developer II,Manufacturing,Affluent Customer,Yes,19,60-69,NSW,6,
1942,1953,Diamond,Best,Female,Paralegal,Financial Services,High Net Worth,No,12,40-49,VIC,12,
1946,1957,Diamond,Best,Male,Accountant IV,Property,Affluent Customer,No,4,40-49,VIC,10,
1956,1967,Diamond,Whales,Female,Chemical Engineer,Manufacturing,Affluent Customer,Yes,17,30-39,NSW,9,
1959,1970,Diamond,Best,Male,Desktop Support Technician,Manufacturing,Mass Customer,No,7,40-49,VIC,10,
1960,1971,Diamond,Loyal,Female,Desktop Support Technician,Manufacturing,Mass Customer,Yes,4,20-29,VIC,5,
1971,1982,Diamond,Loyal,Female,Senior Cost Accountant,Financial Services,High Net Worth,Yes,16,50-59,NSW,2,
1973,1984,Diamond,Loyal,Male,Information Systems Manager,Health,Mass Customer,Yes,1,20-29,NSW,10,
1974,1985,Diamond,Loyal,Female,Computer Systems Analyst I,Health,Mass Customer,Yes,16,40-49,NSW,10,
1979,1990,Diamond,Loyal,Female,Senior Financial Analyst,Financial Services,High Net Worth,No,14,50-59,NSW,8,
1980,1991,Diamond,Best,Male,Research Nurse,Health,Mass Customer,Yes,8,30-39,NSW,10,
1982,1993,Diamond,Loyal,Male,Accounting Assistant II,Manufacturing,High Net Worth,Yes,3,40-49,NSW,9,
1983,1994,Diamond,Whales,Female,Accounting Assistant II,Manufacturing,High Net Worth,No,11,30-39,VIC,6,
1985,1996,Diamond,Loyal,Male,Structural Engineer,Manufacturing,Mass Customer,No,4,30-39,QLD,8,
1988,1999,Diamond,Loyal,Female,Nuclear Power Engineer,Manufacturing,Mass Customer,Yes,7,60-69,QLD,10,
1994,2005,Diamond,Whales,Female,Accountant I,Manufacturing,High Net Worth,No,17,40-49,VIC,10,
1998,2009,Diamond,Loyal,Female,Staff Accountant IV,Health,Affluent Customer,Yes,19,60-69,NSW,8,
2002,2013,Diamond,Best,Female,Registered Nurse,Health,Affluent Customer,Yes,19,20-29,NSW,8,
2003,2014,Diamond,Loyal,Female,Associate Professor,Manufacturing,Mass Customer,Yes,8,30-39,NSW,10,
2006,2017,Diamond,Whales,Male,Programmer II,Financial Services,Affluent Customer,Yes,6,20-29,NSW,11,
2008,2019,Diamond,Loyal,Female,VP Marketing,Entertainment,High Net Worth,No,17,70-79,QLD,2,
2009,2020,Diamond,Loyal,Female,Biostatistician IV,Property,Affluent Customer,Yes,14,50-59,VIC,8,
2011,2022,Diamond,Whales,Male,Software Test Engineer I,IT,Affluent Customer,No,7,40-49,NSW,7,
2012,2023,Diamond,Best,Male,Associate Professor,IT,High Net Worth,No,10,50-59,NSW,7,
2016,2027,Diamond,Loyal,Male,VP Product Management,Property,High Net Worth,No,10,50-59,NSW,10,
2017,2028,Diamond,Loyal,Female,Director of Sales,Retail,Affluent Customer,Yes,18,40-49,NSW,8,
2018,2029,Diamond,Best,Male,Nurse,Manufacturing,Mass Customer,No,7,30-39,QLD,8,
2022,2033,Diamond,Best,Male,Dental Hygienist,Health,High Net Worth,No,10,50-59,NSW,10,
2025,2036,Diamond,Best,Female,Senior Developer,Health,Mass Customer,No,17,40-49,NSW,10,
2033,2044,Diamond,Whales,Female,Quality Engineer,Health,Mass Customer,Yes,1,20-29,NSW,12,
2034,2045,Diamond,Loyal,Female,VP Sales,Financial Services,High Net Worth,No,15,40-49,NSW,11,
2035,2046,Diamond,Loyal,Female,Marketing Manager,Financial Services,Mass Customer,Yes,13,60-69,NSW,8,
2042,2053,Diamond,Whales,Male,Geological Engineer,Financial Services,Affluent Customer,Yes,11,40-49,QLD,7,
2044,2055,Diamond,Best,Male,Administrative Assistant III,Retail,High Net Worth,No,7,40-49,NSW,3,
2046,2057,Diamond,Whales,Female,Accounting Assistant IV,Manufacturing,Affluent Customer,Yes,15,60-69,VIC,8,
2049,2060,Diamond,Best,Female,Statistician II,Financial Services,Mass Customer,No,17,60-69,VIC,9,
2056,2067,Diamond,Loyal,Male,Registered Nurse,Health,Mass Customer,No,17,40-49,NSW,10,
2059,2070,Diamond,Best,Female,Recruiting Manager,IT,Mass Customer,No,8,40-49,NSW,7,
2060,2071,Diamond,Loyal,Female,Recruiting Manager,IT,Mass Customer,No,10,40-49,VIC,10,
2061,2072,Diamond,Best,Female,Environmental Specialist,Financial Services,Mass Customer,Yes,9,60-69,VIC,9,
2064,2076,Diamond,Best,Female,Assistant Manager,Manufacturing,Mass Customer,Yes,5,50-59,VIC,9,
2070,2082,Diamond,Loyal,Female,Legal Assistant,Health,Affluent Customer,Yes,19,40-49,NSW,1,
2071,2083,Diamond,Best,Female,Legal Assistant,Health,Mass Customer,No,4,40-49,NSW,3,
2080,2092,Diamond,Whales,Male,Safety Technician IV,Manufacturing,High Net Worth,No,18,40-49,VIC,7,
2083,2095,Diamond,Best,Female,Account Executive,Manufacturing,Affluent Customer,No,8,30-39,VIC,9,
2087,2099,Diamond,Loyal,Male,Senior Cost Accountant,Financial Services,High Net Worth,Yes,19,60-69,NSW,8,
2089,2101,Diamond,Best,Female,General Manager,IT,Mass Customer,Yes,2,20-29,VIC,2,
2090,2102,Diamond,Best,Male,Senior Editor,IT,Affluent Customer,No,5,40-49,NSW,12,
2091,2103,Diamond,Best,Male,Business Systems Development Analyst,Financial Services,Affluent Customer,No,18,40-49,NSW,6,
2093,2105,Diamond,Whales,Male,Food Chemist,Health,High Net Worth,Yes,6,50-59,VIC,7,
2097,2109,Diamond,Best,Female,Account Representative II,Health,High Net Worth,Yes,18,50-59,NSW,8,
2099,2111,Diamond,Best,Male,Speech Pathologist,Property,Affluent Customer,Yes,12,50-59,NSW,9,
2108,2120,Diamond,Best,Male,Web Designer III,Manufacturing,Mass Customer,No,1,20-29,NSW,8,
2118,2130,Diamond,Best,Female,Structural Engineer,Property,High Net Worth,Yes,16,30-39,NSW,2,
2120,2132,Diamond,Best,Female,Human Resources Manager,Financial Services,High Net Worth,Yes,22,30-39,NSW,9,
2126,2138,Diamond,Loyal,Female,Graphic Designer,Manufacturing,High Net Worth,No,15,40-49,NSW,8,
2132,2144,Diamond,Loyal,Female,Office Assistant IV,Property,Mass Customer,Yes,9,40-49,NSW,4,
2137,2149,Diamond,Loyal,Female,Professor,Manufacturing,High Net Worth,No,6,40-49,NSW,10,
2140,2152,Diamond,Best,Female,Database Administrator III,Manufacturing,Mass Customer,Yes,19,50-59,VIC,10,
2143,2155,Diamond,Best,Female,Data Coordiator,Manufacturing,Mass Customer,No,14,60-69,VIC,3,
2153,2165,Diamond,Best,Female,Civil Engineer,Manufacturing,Affluent Customer,No,8,50-59,VIC,6,
2167,2179,Diamond,Loyal,Male,Desktop Support Technician,Manufacturing,Mass Customer,No,17,60-69,VIC,10,
2170,2182,Diamond,Best,Male,Assistant Media Planner,Entertainment,High Net Worth,Yes,16,50-59,QLD,7,
2171,2183,Diamond,Best,Female,Programmer Analyst IV,Manufacturing,Mass Customer,Yes,7,50-59,QLD,4,
2172,2184,Diamond,Loyal,Male,Statistician III,Health,Mass Customer,No,11,50-59,NSW,8,
2175,2187,Diamond,Loyal,Female,Budget/Accounting Analyst I,Health,Mass Customer,No,2,20-29,NSW,9,
2177,2189,Diamond,Loyal,Male,Safety Technician II,Financial Services,High Net Worth,No,4,20-29,QLD,8,
2178,2190,Diamond,Loyal,Female,Safety Technician II,IT,Affluent Customer,No,13,40-49,NSW,3,
2182,2194,Diamond,Loyal,Female,Electrical Engineer,Manufacturing,Affluent Customer,Yes,11,60-69,QLD,11,
2183,2195,Diamond,Whales,Female,GIS Technical Architect,Financial Services,Affluent Customer,Yes,13,30-39,QLD,10,
2189,2201,Diamond,Loyal,Female,Design Engineer,Financial Services,Affluent Customer,Yes,1,20-29,QLD,7,
2190,2202,Diamond,Loyal,Female,Physical Therapy Assistant,Financial Services,Affluent Customer,Yes,8,40-49,NSW,11,
2192,2204,Diamond,Loyal,Female,Librarian,Entertainment,High Net Worth,No,7,50-59,NSW,9,
2198,2210,Diamond,Loyal,Male,Registered Nurse,Health,High Net Worth,No,5,30-39,VIC,5,
2201,2213,Diamond,Whales,Female,Legal Assistant,Manufacturing,Affluent Customer,Yes,6,20-29,NSW,9,
2205,2217,Diamond,Best,Male,Paralegal,Financial Services,Mass Customer,No,16,40-49,QLD,2,
2228,2240,Diamond,Loyal,Male,Automation Specialist III,Manufacturing,High Net Worth,Yes,16,50-59,VIC,7,
2235,2247,Diamond,Loyal,Female,Teacher,Retail,High Net Worth,Yes,1,20-29,NSW,12,
2236,2248,Diamond,Loyal,Female,Software Engineer I,Manufacturing,Mass Customer,No,1,20-29,VIC,12,
2239,2251,Diamond,Loyal,Male,Software Engineer I,Property,High Net Worth,No,19,60-69,VIC,3,
2246,2258,Diamond,Loyal,Female,Account Executive,Retail,High Net Worth,No,7,50-59,NSW,11,
2248,2260,Diamond,Whales,Male,Administrative Assistant IV,Argiculture,High Net Worth,No,11,50-59,NSW,8,
2254,2266,Diamond,Loyal,Male,Occupational Therapist,Retail,High Net Worth,No,1,20-29,NSW,6,
2256,2268,Diamond,Loyal,Female,Pharmacist,Health,Mass Customer,No,19,50-59,VIC,8,
2257,2269,Diamond,Loyal,Female,Product Engineer,Health,Mass Customer,No,9,30-39,NSW,3,
2267,2279,Diamond,Loyal,Male,Human Resources Assistant II,Health,Mass Customer,No,3,40-49,NSW,9,
2269,2281,Diamond,Loyal,Female,Budget/Accounting Analyst I,Health,High Net Worth,Yes,14,30-39,VIC,1,
2271,2283,Diamond,Loyal,Male,Software Consultant,Financial Services,High Net Worth,No,16,70-79,VIC,2,
2272,2284,Diamond,Loyal,Female,Staff Accountant IV,Telecommunications,High Net Worth,No,14,50-59,VIC,1,
2280,2292,Diamond,Loyal,Female,Research Nurse,Health,Mass Customer,Yes,2,20-29,NSW,9,
2289,2301,Diamond,Whales,Male,Senior Cost Accountant,Financial Services,Mass Customer,Yes,19,50-59,QLD,10,
2292,2304,Diamond,Best,Female,Database Administrator IV,Retail,Mass Customer,Yes,11,60-69,NSW,8,
2296,2308,Diamond,Best,Female,Paralegal,Financial Services,Mass Customer,Yes,17,60-69,VIC,9,
2297,2309,Diamond,Loyal,Male,Accounting Assistant I,Manufacturing,Affluent Customer,No,14,30-39,QLD,5,
2298,2310,Diamond,Whales,Male,Executive Secretary,Manufacturing,High Net Worth,Yes,11,50-59,NSW,12,
2306,2318,Diamond,Best,Female,Automation Specialist I,Manufacturing,Mass Customer,Yes,6,30-39,VIC,10,
2319,2331,Diamond,Best,Female,Database Administrator III,Financial Services,Mass Customer,Yes,10,60-69,NSW,8,
2323,2335,Diamond,Best,Female,Account Executive,IT,Mass Customer,No,13,20-29,NSW,9,
2326,2338,Diamond,Loyal,Female,Programmer Analyst IV,Manufacturing,Mass Customer,No,5,30-39,NSW,5,
2327,2339,Diamond,Loyal,Male,Web Designer II,Property,Affluent Customer,Yes,16,60-69,NSW,10,
2328,2340,Diamond,Best,Male,Research Assistant IV,Health,Mass Customer,Yes,16,40-49,QLD,7,
2329,2341,Diamond,Best,Female,Web Designer II,IT,Mass Customer,Yes,16,40-49,VIC,9,
2333,2345,Diamond,Whales,Female,Systems Administrator I,Retail,Affluent Customer,Yes,3,30-39,QLD,8,
2339,2351,Diamond,Loyal,Female,Assistant Professor,Retail,Affluent Customer,Yes,10,30-39,VIC,10,
2346,2358,Diamond,Best,Male,Senior Sales Associate,Retail,High Net Worth,Yes,15,60-69,QLD,2,
2349,2361,Diamond,Best,Female,Help Desk Operator,Financial Services,High Net Worth,Yes,20,60-69,QLD,7,
2355,2367,Diamond,Best,Male,Electrical Engineer,Manufacturing,Mass Customer,Yes,16,60-69,VIC,10,
2357,2369,Diamond,Best,Female,Financial Analyst,Financial Services,Mass Customer,Yes,1,20-29,VIC,5,
2360,2372,Diamond,Loyal,Male,Clinical Specialist,Health,Affluent Customer,No,10,40-49,VIC,12,
2362,2374,Diamond,Best,Male,Design Engineer,Financial Services,Mass Customer,No,9,30-39,VIC,9,
2363,2375,Diamond,Loyal,Female,Sales Representative,Retail,Affluent Customer,No,8,30-39,VIC,8,
2365,2377,Diamond,Whales,Female,Analog Circuit Design manager,IT,High Net Worth,No,2,20-29,VIC,11,
2367,2379,Diamond,Best,Female,Occupational Therapist,Health,Affluent Customer,Yes,15,40-49,NSW,10,
2368,2380,Diamond,Loyal,Female,Technical Writer,Retail,Mass Customer,Yes,15,60-69,NSW,10,
2371,2383,Diamond,Best,Female,Compensation Analyst,Financial Services,Mass Customer,No,15,40-49,NSW,9,
2373,2385,Diamond,Loyal,Male,Dental Hygienist,Health,Mass Customer,No,8,60-69,VIC,7,
2374,2386,Diamond,Best,Female,Compensation Analyst,Financial Services,Mass Customer,No,2,20-29,NSW,9,
2379,2391,Diamond,Best,Female,Nurse Practicioner,Health,Mass Customer,No,14,60-69,QLD,7,
2385,2397,Diamond,Loyal,Male,Analyst Programmer,Retail,Affluent Customer,Yes,4,30-39,NSW,7,
2388,2400,Diamond,Best,Male,Office Assistant III,Property,Mass Customer,Yes,22,40-49,QLD,11,
2389,2401,Diamond,Best,Male,Staff Scientist,Property,Mass Customer,Yes,15,40-49,VIC,6,
2400,2412,Diamond,Whales,Female,Chemical Engineer,Manufacturing,Affluent Customer,No,8,40-49,QLD,8,
2401,2413,Diamond,Loyal,Male,Environmental Specialist,Manufacturing,High Net Worth,Yes,17,80-89,VIC,8,
2406,2418,Diamond,Best,Female,Software Engineer III,Property,Mass Customer,Yes,13,50-59,VIC,5,
2413,2425,Diamond,Best,Male,Help Desk Technician,IT,Mass Customer,Yes,11,40-49,NSW,10,
2414,2426,Diamond,Whales,Female,Help Desk Technician,IT,Affluent Customer,Yes,9,40-49,NSW,10,
2415,2427,Diamond,Whales,Female,Senior Developer,IT,High Net Worth,Yes,2,20-29,NSW,8,
2416,2428,Diamond,Best,Male,Help Desk Operator,IT,Mass Customer,Yes,9,50-59,VIC,7,
2421,2433,Diamond,Loyal,Male,Nurse Practicioner,Manufacturing,High Net Worth,Yes,8,40-49,NSW,9,
2422,2434,Diamond,Best,Male,Environmental Specialist,Manufacturing,Affluent Customer,No,18,60-69,QLD,4,
2442,2454,Diamond,Loyal,Female,Senior Sales Associate,Property,Mass Customer,Yes,12,60-69,NSW,8,
2446,2458,Diamond,Best,Female,Media Manager II,Manufacturing,High Net Worth,Yes,5,60-69,NSW,10,
2447,2459,Diamond,Loyal,Female,Quality Engineer,Manufacturing,High Net Worth,No,18,30-39,QLD,6,
2451,2463,Diamond,Loyal,Female,Pharmacist,Health,Mass Customer,No,12,40-49,VIC,10,
2452,2464,Diamond,Best,Male,Speech Pathologist,Retail,Mass Customer,No,6,40-49,NSW,8,
2453,2465,Diamond,Best,Female,Senior Editor,Retail,Mass Customer,Yes,2,40-49,NSW,8,
2456,2468,Diamond,Best,Male,Marketing Assistant,Retail,High Net Worth,No,1,20-29,QLD,8,
2457,2469,Diamond,Best,Female,Accounting Assistant II,IT,Mass Customer,Yes,2,20-29,NSW,11,
2462,2474,Diamond,Loyal,Female,Executive Secretary,Argiculture,High Net Worth,Yes,6,40-49,QLD,2,
2464,2476,Diamond,Best,Male,Administrative Officer,Property,High Net Worth,No,17,60-69,QLD,5,
2469,2481,Diamond,Best,Female,Chief Design Engineer,Manufacturing,Mass Customer,Yes,12,40-49,VIC,7,
2477,2489,Diamond,Loyal,Female,Speech Pathologist,Retail,Mass Customer,No,15,40-49,NSW,9,
2480,2492,Diamond,Best,Male,Design Engineer,Manufacturing,High Net Worth,No,9,50-59,NSW,9,
2486,2498,Diamond,Loyal,Female,Software Test Engineer III,Retail,High Net Worth,No,8,40-49,NSW,11,
2493,2505,Diamond,Loyal,Female,VP Marketing,Financial Services,High Net Worth,No,3,40-49,NSW,11,
2496,2508,Diamond,Loyal,Male,Information Systems Manager,Health,Mass Customer,No,3,20-29,NSW,8,
2497,2509,Diamond,Best,Male,Help Desk Technician,Financial Services,Mass Customer,No,7,50-59,QLD,2,
2510,2522,Diamond,Loyal,Male,Chemical Engineer,Manufacturing,High Net Worth,No,14,40-49,NSW,9,
2511,2523,Diamond,Best,Female,VP Marketing,Financial Services,Mass Customer,Yes,9,60-69,QLD,4,
2515,2527,Diamond,Loyal,Female,Technical Writer,Manufacturing,Affluent Customer,Yes,16,40-49,VIC,2,
2516,2528,Diamond,Best,Male,Senior Editor,Financial Services,Affluent Customer,No,15,40-49,QLD,7,
2518,2530,Diamond,Loyal,Female,Business Systems Development Analyst,Property,Mass Customer,Yes,18,60-69,NSW,8,
2519,2531,Diamond,Loyal,Male,Teacher,Property,High Net Worth,Yes,8,40-49,NSW,5,
2524,2536,Diamond,Whales,Female,Associate Professor,Health,Mass Customer,Yes,16,60-69,NSW,7,
2525,2537,Diamond,Best,Female,Senior Quality Engineer,Health,Affluent Customer,Yes,12,30-39,NSW,11,
2526,2538,Diamond,Loyal,Female,Senior Quality Engineer,Health,High Net Worth,Yes,20,60-69,NSW,10,
2528,2540,Diamond,Loyal,Female,Executive Secretary,IT,Mass Customer,Yes,14,50-59,NSW,7,
2530,2542,Diamond,Loyal,Female,Accounting Assistant I,Property,Affluent Customer,Yes,12,50-59,NSW,8,
2536,2548,Diamond,Best,Female,Chief Design Engineer,Health,Mass Customer,No,13,50-59,VIC,7,
2543,2555,Diamond,Whales,Male,Health Coach IV,Health,Affluent Customer,No,11,40-49,NSW,7,
2547,2559,Diamond,Loyal,Female,Assistant Media Planner,Entertainment,High Net Worth,No,8,50-59,NSW,2,
2548,2560,Diamond,Loyal,Male,Developer IV,Entertainment,Mass Customer,No,21,40-49,NSW,8,
2553,2565,Diamond,Loyal,Female,Junior Executive,Health,Affluent Customer,Yes,9,50-59,NSW,11,
2554,2566,Diamond,Loyal,Female,Accountant II,Entertainment,Affluent Customer,Yes,6,20-29,VIC,8,
2562,2574,Diamond,Loyal,Male,Software Engineer I,Manufacturing,Mass Customer,No,4,40-49,NSW,3,
2568,2580,Diamond,Loyal,Female,Teacher,Financial Services,Mass Customer,Yes,13,30-39,VIC,1,
2573,2585,Diamond,Loyal,Male,Geologist III,Financial Services,Affluent Customer,No,7,30-39,QLD,7,
2575,2587,Diamond,Loyal,Female,Data Coordiator,Financial Services,Affluent Customer,No,4,40-49,QLD,5,
2580,2592,Diamond,Loyal,Male,Help Desk Operator,Financial Services,Mass Customer,Yes,1,20-29,VIC,5,
2583,2595,Diamond,Loyal,Male,Nurse Practicioner,Manufacturing,Affluent Customer,Yes,8,40-49,QLD,6,
2585,2597,Diamond,Whales,Female,Civil Engineer,Manufacturing,High Net Worth,Yes,11,40-49,QLD,10,
2587,2599,Diamond,Loyal,Female,VP Marketing,Manufacturing,Mass Customer,No,5,70-79,VIC,9,
2589,2601,Diamond,Loyal,Female,Software Engineer III,Financial Services,Affluent Customer,No,13,40-49,NSW,7,
2591,2603,Diamond,Best,Female,Nurse,Financial Services,High Net Worth,No,11,60-69,VIC,11,
2594,2606,Diamond,Best,Female,Electrical Engineer,Manufacturing,High Net Worth,No,12,40-49,NSW,10,
2599,2611,Diamond,Loyal,Female,Tax Accountant,Financial Services,Affluent Customer,No,9,30-39,NSW,10,
2603,2615,Diamond,Loyal,Female,Nurse,Financial Services,Mass Customer,Yes,1,20-29,NSW,7,
2604,2616,Diamond,Loyal,Female,Nurse,Financial Services,High Net Worth,Yes,13,50-59,NSW,9,
2606,2618,Diamond,Loyal,Male,Administrative Assistant IV,Health,Mass Customer,No,4,40-49,NSW,8,
2608,2620,Diamond,Loyal,Male,Civil Engineer,Manufacturing,Mass Customer,No,1,20-29,NSW,10,
2609,2621,Diamond,Loyal,Female,Assistant Media Planner,Entertainment,High Net Worth,No,15,50-59,NSW,7,
2610,2622,Diamond,Best,Male,Staff Accountant I,Financial Services,Mass Customer,No,16,40-49,QLD,1,
2611,2623,Diamond,Whales,Male,Media Manager III,Property,Mass Customer,Yes,15,40-49,NSW,7,
2618,2630,Diamond,Loyal,Male,Senior Sales Associate,Retail,Mass Customer,No,10,40-49,NSW,5,
2621,2633,Diamond,Best,Female,Software Engineer I,Property,Mass Customer,Yes,12,50-59,NSW,1,
2623,2635,Diamond,Loyal,Male,Nurse,Retail,Mass Customer,No,14,60-69,VIC,8,
2625,2637,Diamond,Loyal,Female,Help Desk Operator,Retail,Mass Customer,Yes,11,50-59,NSW,10,
2628,2640,Diamond,Loyal,Male,Computer Systems Analyst IV,Entertainment,Affluent Customer,No,12,40-49,VIC,10,
2629,2641,Diamond,Loyal,Female,Software Test Engineer I,Entertainment,Mass Customer,Yes,12,40-49,NSW,12,
2635,2647,Diamond,Best,Female,Physical Therapy Assistant,IT,High Net Worth,No,6,50-59,NSW,7,
2639,2651,Diamond,Best,Male,Nuclear Power Engineer,Manufacturing,Mass Customer,Yes,10,40-49,NSW,6,
2640,2652,Diamond,Whales,Male,Biostatistician II,Manufacturing,Affluent Customer,Yes,15,60-69,NSW,10,
2641,2653,Diamond,Best,Male,Food Chemist,Health,Affluent Customer,No,1,20-29,VIC,8,
2647,2659,Diamond,Best,Female,Professor,Argiculture,High Net Worth,Yes,11,50-59,QLD,4,
2648,2661,Diamond,Whales,Female,VP Marketing,Financial Services,High Net Worth,Yes,12,40-49,NSW,7,
2649,2662,Diamond,Loyal,Female,Accountant IV,Property,Mass Customer,Yes,16,40-49,NSW,2,
2659,2672,Diamond,Loyal,Male,Clinical Specialist,Health,Affluent Customer,No,4,30-39,NSW,12,
2667,2680,Diamond,Loyal,Female,Financial Analyst,Financial Services,Mass Customer,Yes,14,60-69,VIC,11,
2670,2683,Diamond,Whales,Female,Biostatistician II,Manufacturing,Affluent Customer,Yes,6,50-59,QLD,8,
2671,2684,Diamond,Loyal,Male,Health Coach IV,Health,Mass Customer,Yes,12,60-69,QLD,2,
2673,2686,Diamond,Best,Male,Automation Specialist II,Financial Services,Affluent Customer,No,4,20-29,VIC,8,
2674,2687,Diamond,Loyal,Male,Chemical Engineer,Manufacturing,High Net Worth,Yes,20,60-69,NSW,10,
2682,2695,Diamond,Best,Female,Statistician II,Manufacturing,Mass Customer,Yes,19,40-49,NSW,12,
2684,2697,Diamond,Loyal,Female,Legal Assistant,IT,High Net Worth,No,4,40-49,NSW,12,
2685,2698,Diamond,Best,Female,Administrative Officer,Health,High Net Worth,No,20,50-59,NSW,8,
2688,2701,Diamond,Loyal,Female,Dental Hygienist,Health,Affluent Customer,Yes,7,60-69,VIC,4,
2689,2702,Diamond,Best,Female,Electrical Engineer,Manufacturing,Affluent Customer,Yes,11,40-49,NSW,9,
2690,2703,Diamond,Best,Female,Electrical Engineer,Manufacturing,Affluent Customer,Yes,18,40-49,NSW,7,
2692,2705,Diamond,Best,Female,Nuclear Power Engineer,Manufacturing,Mass Customer,No,3,20-29,QLD,2,
2699,2712,Diamond,Whales,Female,Tax Accountant,Manufacturing,High Net Worth,Yes,11,30-39,NSW,7,
2704,2717,Diamond,Loyal,Male,Registered Nurse,Health,Mass Customer,No,13,40-49,NSW,5,
2710,2723,Diamond,Loyal,Female,Associate Professor,Manufacturing,Mass Customer,Yes,18,40-49,NSW,9,
2713,2726,Diamond,Loyal,Male,Administrative Officer,Financial Services,Affluent Customer,No,4,40-49,NSW,7,
2715,2728,Diamond,Best,Female,Physical Therapy Assistant,IT,High Net Worth,No,19,60-69,VIC,11,
2716,2729,Diamond,Whales,Female,General Manager,IT,Mass Customer,Yes,1,20-29,VIC,5,
2719,2732,Diamond,Loyal,Female,Help Desk Operator,Health,Mass Customer,No,7,60-69,VIC,9,
2720,2733,Diamond,Loyal,Female,Analog Circuit Design manager,Manufacturing,Mass Customer,Yes,17,30-39,QLD,2,
2724,2737,Diamond,Best,Male,Accounting Assistant IV,Retail,Mass Customer,Yes,3,20-29,NSW,8,
2727,2740,Diamond,Loyal,Female,Administrative Officer,Financial Services,Affluent Customer,Yes,12,60-69,NSW,7,
2734,2747,Diamond,Best,Female,Software Test Engineer III,Financial Services,Affluent Customer,No,11,60-69,NSW,9,
2737,2750,Diamond,Loyal,Female,Sales Representative,Property,High Net Worth,No,20,40-49,VIC,10,
2738,2751,Diamond,Best,Male,Sales Associate,Retail,High Net Worth,Yes,12,40-49,QLD,7,
2740,2753,Diamond,Loyal,Male,Nuclear Power Engineer,Manufacturing,Mass Customer,Yes,7,30-39,NSW,9,
2742,2755,Diamond,Loyal,Female,Automation Specialist I,Manufacturing,Mass Customer,Yes,1,20-29,QLD,6,
2748,2761,Diamond,Best,Female,Information Systems Manager,Financial Services,Mass Customer,No,19,60-69,NSW,9,
2749,2762,Diamond,Best,Female,Information Systems Manager,Manufacturing,Mass Customer,No,9,30-39,VIC,7,
2750,2763,Diamond,Loyal,Female,Actuary,Financial Services,Mass Customer,Yes,10,40-49,VIC,10,
2757,2770,Diamond,Loyal,Male,VP Quality Control,Manufacturing,High Net Worth,Yes,13,40-49,NSW,6,
2775,2788,Diamond,Loyal,Female,Social Worker,Health,Affluent Customer,No,4,50-59,VIC,10,
2778,2791,Diamond,Best,Male,Financial Advisor,Financial Services,Mass Customer,No,3,30-39,NSW,8,
2780,2793,Diamond,Loyal,Male,Research Nurse,Health,Affluent Customer,Yes,14,50-59,VIC,8,
2781,2794,Diamond,Best,Female,Social Worker,Health,Mass Customer,Yes,18,40-49,NSW,8,
2783,2796,Diamond,Best,Female,Web Designer II,Manufacturing,Mass Customer,No,9,40-49,NSW,2,
2786,2799,Diamond,Loyal,Female,VP Product Management,Argiculture,Mass Customer,Yes,18,50-59,NSW,9,
2792,2805,Diamond,Whales,Female,Nurse Practicioner,Manufacturing,High Net Worth,No,4,30-39,NSW,7,
2795,2808,Diamond,Whales,Male,Actuary,Financial Services,Mass Customer,Yes,1,20-29,NSW,9,
2802,2815,Diamond,Loyal,Male,Junior Executive,Health,Mass Customer,No,19,60-69,VIC,5,
2803,2816,Diamond,Best,Female,Administrative Assistant II,Financial Services,Mass Customer,Yes,14,30-39,QLD,9,
2807,2820,Diamond,Loyal,Male,Engineer I,Manufacturing,Affluent Customer,Yes,16,40-49,NSW,8,
2809,2822,Diamond,Best,Female,Professor,Property,Mass Customer,No,3,40-49,VIC,12,
2813,2826,Diamond,Best,Female,Web Developer II,Manufacturing,Mass Customer,No,15,60-69,VIC,10,
2818,2831,Diamond,Whales,Female,Programmer Analyst I,Health,Mass Customer,Yes,11,50-59,NSW,12,
2819,2832,Diamond,Loyal,Male,Recruiter,Telecommunications,Mass Customer,Yes,9,40-49,VIC,8,
2823,2836,Diamond,Best,Female,Clinical Specialist,Health,Mass Customer,No,16,60-69,NSW,9,
2826,2839,Diamond,Loyal,Female,Assistant Media Planner,Entertainment,Mass Customer,No,10,40-49,NSW,7,
2828,2841,Diamond,Best,Female,Recruiting Manager,Manufacturing,Mass Customer,No,16,60-69,NSW,7,
2830,2843,Diamond,Whales,Female,Recruiter,Financial Services,Affluent Customer,Yes,5,50-59,NSW,8,
2831,2844,Diamond,Whales,Female,Recruiter,Financial Services,Mass Customer,Yes,13,40-49,NSW,7,
2834,2847,Diamond,Loyal,Female,Occupational Therapist,Health,Mass Customer,No,12,40-49,NSW,9,
2837,2850,Diamond,Best,Female,Director of Sales,Property,Mass Customer,Yes,5,50-59,NSW,9,
2838,2851,Diamond,Best,Male,Programmer IV,Entertainment,Affluent Customer,Yes,16,40-49,NSW,8,
2843,2856,Diamond,Best,Female,Marketing Manager,Financial Services,Mass Customer,Yes,13,40-49,NSW,10,
2846,2859,Diamond,Best,Female,Assistant Professor,Argiculture,High Net Worth,No,5,30-39,QLD,7,
2847,2860,Diamond,Best,Female,Physical Therapy Assistant,Argiculture,Mass Customer,No,1,20-29,NSW,7,
2852,2865,Diamond,Best,Female,Electrical Engineer,Manufacturing,High Net Worth,No,3,20-29,NSW,9,
2859,2872,Diamond,Loyal,Female,Assistant Professor,Health,Affluent Customer,Yes,17,50-59,QLD,8,
2861,2874,Diamond,Loyal,Female,Nuclear Power Engineer,Manufacturing,Affluent Customer,No,18,40-49,VIC,7,
2864,2877,Diamond,Loyal,Male,Senior Sales Associate,Property,Affluent Customer,Yes,18,50-59,QLD,5,
2866,2879,Diamond,Best,Female,Executive Secretary,Argiculture,Mass Customer,Yes,5,50-59,VIC,9,
2867,2880,Diamond,Best,Male,Legal Assistant,Health,Mass Customer,No,7,50-59,NSW,9,
2870,2883,Diamond,Loyal,Male,Paralegal,Financial Services,Mass Customer,Yes,2,20-29,NSW,8,
2871,2884,Diamond,Best,Female,Assistant Professor,Financial Services,Mass Customer,No,15,60-69,NSW,9,
2873,2886,Diamond,Loyal,Female,Nurse Practicioner,Financial Services,Mass Customer,No,14,60-69,NSW,11,
2874,2887,Diamond,Best,Male,Speech Pathologist,Financial Services,High Net Worth,Yes,18,50-59,NSW,10,
2878,2891,Diamond,Loyal,Female,Nuclear Power Engineer,Manufacturing,High Net Worth,Yes,12,30-39,NSW,11,
2879,2892,Diamond,Whales,Male,Junior Executive,Manufacturing,Affluent Customer,Yes,7,50-59,NSW,7,
2888,2901,Diamond,Loyal,Male,Occupational Therapist,Manufacturing,Mass Customer,Yes,6,20-29,QLD,3,
2891,2904,Diamond,Loyal,Female,Software Test Engineer III,Manufacturing,High Net Worth,Yes,11,40-49,NSW,9,
2899,2912,Diamond,Loyal,Male,Assistant Media Planner,Entertainment,High Net Worth,No,4,40-49,NSW,11,
2901,2914,Diamond,Best,Female,Health Coach IV,Health,Affluent Customer,Yes,11,40-49,NSW,9,
2910,2923,Diamond,Loyal,Female,Teacher,Manufacturing,Affluent Customer,Yes,4,50-59,NSW,2,
2916,2929,Diamond,Best,Male,Nurse,Retail,Mass Customer,No,2,20-29,QLD,3,
2919,2932,Diamond,Best,Male,Account Representative I,IT,Mass Customer,No,17,30-39,QLD,3,
2924,2937,Diamond,Best,Female,Computer Systems Analyst I,Financial Services,Mass Customer,No,15,50-59,VIC,8,
2929,2942,Diamond,Loyal,Male,Software Engineer III,Retail,High Net Worth,No,10,50-59,NSW,5,
2933,2946,Diamond,Loyal,Male,Safety Technician IV,Property,Mass Customer,Yes,7,30-39,VIC,10,
2934,2947,Diamond,Whales,Male,Safety Technician IV,Manufacturing,Mass Customer,No,11,40-49,QLD,3,
2942,2955,Diamond,Best,Male,Community Outreach Specialist,Financial Services,High Net Worth,No,13,30-39,NSW,9,
2948,2961,Diamond,Whales,Male,Assistant Manager,Health,Mass Customer,Yes,12,40-49,VIC,8,
2972,2985,Diamond,Loyal,Male,Sales Representative,Retail,Affluent Customer,Yes,14,30-39,NSW,10,
2973,2986,Diamond,Loyal,Male,Sales Representative,Financial Services,Mass Customer,No,13,40-49,NSW,9,
2977,2990,Diamond,Loyal,Male,GIS Technical Architect,Argiculture,High Net Worth,No,8,40-49,NSW,12,
2979,2992,Diamond,Best,Female,Clinical Specialist,Health,Mass Customer,Yes,10,50-59,VIC,5,
2980,2993,Diamond,Best,Female,Graphic Designer,Financial Services,Affluent Customer,No,4,20-29,NSW,9,
2986,2999,Diamond,Best,Female,Business Systems Development Analyst,IT,Affluent Customer,Yes,10,20-29,VIC,8,
2994,3007,Diamond,Best,Male,Environmental Tech,Manufacturing,Mass Customer,No,16,50-59,NSW,10,
2999,3012,Diamond,Whales,Female,Technical Writer,IT,Mass Customer,Yes,6,30-39,VIC,2,
3000,3013,Diamond,Best,Female,Office Assistant III,Property,High Net Worth,No,6,50-59,QLD,7,
3001,3014,Diamond,Best,Female,Software Engineer II,Property,High Net Worth,No,1,20-29,NSW,10,
3002,3015,Diamond,Loyal,Female,Assistant Manager,Retail,Affluent Customer,No,1,20-29,QLD,9,
3003,3016,Diamond,Whales,Male,Analog Circuit Design manager,Financial Services,High Net Worth,No,11,30-39,NSW,10,
3007,3020,Diamond,Loyal,Male,Chemical Engineer,Manufacturing,High Net Worth,Yes,10,50-59,QLD,1,
3017,3030,Diamond,Loyal,Female,Technical Writer,Manufacturing,Affluent Customer,No,3,20-29,NSW,5,
3019,3032,Diamond,Loyal,Male,Analog Circuit Design manager,Health,Affluent Customer,Yes,5,30-39,QLD,6,
3031,3044,Diamond,Best,Male,Occupational Therapist,Health,Affluent Customer,Yes,19,30-39,VIC,12,
3035,3048,Diamond,Best,Male,Legal Assistant,Manufacturing,Mass Customer,No,16,50-59,VIC,1,
3037,3050,Diamond,Loyal,Female,Legal Assistant,Property,High Net Worth,No,5,20-29,NSW,6,
3042,3055,Diamond,Loyal,Female,General Manager,Manufacturing,Mass Customer,Yes,2,20-29,QLD,6,
3044,3057,Diamond,Loyal,Female,Executive Secretary,Entertainment,Mass Customer,No,9,40-49,NSW,10,
3045,3058,Diamond,Whales,Male,Human Resources Manager,Manufacturing,Mass Customer,Yes,16,30-39,NSW,12,
3047,3060,Diamond,Loyal,Male,VP Accounting,Financial Services,Mass Customer,Yes,6,40-49,NSW,8,
3061,3074,Diamond,Best,Male,VP Quality Control,Health,Mass Customer,Yes,12,50-59,NSW,9,
3064,3077,Diamond,Best,Male,Information Systems Manager,Manufacturing,Affluent Customer,No,2,20-29,NSW,10,
3067,3080,Diamond,Best,Male,Graphic Designer,Financial Services,High Net Worth,No,10,60-69,VIC,8,
3073,3086,Diamond,Best,Female,Biostatistician I,IT,High Net Worth,No,20,40-49,QLD,7,
3075,3088,Diamond,Loyal,Male,Social Worker,Retail,Affluent Customer,Yes,17,50-59,NSW,8,
3090,3103,Diamond,Loyal,Female,Safety Technician II,Retail,Mass Customer,No,20,70-79,QLD,7,
3092,3105,Diamond,Whales,Male,Teacher,Health,Mass Customer,No,12,50-59,QLD,7,
3095,3108,Diamond,Loyal,Male,Accounting Assistant III,Entertainment,Mass Customer,No,10,50-59,QLD,2,
3099,3112,Diamond,Loyal,Male,Internal Auditor,Retail,High Net Worth,Yes,1,20-29,VIC,11,
3104,3117,Diamond,Best,Female,Cost Accountant,Financial Services,Affluent Customer,Yes,6,20-29,VIC,7,
3105,3118,Diamond,Best,Male,Occupational Therapist,Health,High Net Worth,No,9,30-39,QLD,8,
3107,3120,Diamond,Best,Female,Clinical Specialist,Health,Mass Customer,Yes,10,40-49,NSW,5,
3113,3126,Diamond,Loyal,Male,Statistician IV,Financial Services,High Net Worth,No,12,30-39,VIC,5,
3117,3130,Diamond,Whales,Female,VP Product Management,Telecommunications,Mass Customer,No,17,50-59,QLD,4,
3118,3131,Diamond,Loyal,Female,VP Product Management,Retail,Affluent Customer,Yes,3,20-29,VIC,10,
3121,3134,Diamond,Loyal,Female,Quality Control Specialist,Manufacturing,Mass Customer,No,5,20-29,NSW,1,
3130,3143,Diamond,Loyal,Female,Chief Design Engineer,Manufacturing,Mass Customer,No,5,20-29,VIC,8,
3133,3146,Diamond,Loyal,Female,Project Manager,Property,Mass Customer,No,15,40-49,NSW,5,
3138,3151,Diamond,Loyal,Female,Senior Developer,IT,Affluent Customer,Yes,11,30-39,QLD,8,
3141,3154,Diamond,Loyal,Female,Desktop Support Technician,Telecommunications,Mass Customer,Yes,19,60-69,NSW,10,
3144,3157,Diamond,Best,Male,Office Assistant I,Retail,Mass Customer,Yes,1,20-29,NSW,7,
3156,3169,Diamond,Best,Male,Payment Adjustment Coordinator,IT,Mass Customer,Yes,19,60-69,VIC,7,
3163,3176,Diamond,Loyal,Male,Physical Therapy Assistant,Health,Affluent Customer,No,16,40-49,VIC,4,
3168,3181,Diamond,Whales,Male,Senior Editor,Financial Services,High Net Worth,No,6,40-49,NSW,2,
3171,3184,Diamond,Loyal,Female,Civil Engineer,Manufacturing,Affluent Customer,Yes,7,40-49,NSW,10,
3173,3186,Diamond,Whales,Female,Senior Financial Analyst,Financial Services,Mass Customer,Yes,2,20-29,VIC,9,
3178,3191,Diamond,Best,Female,Director of Sales,Financial Services,Affluent Customer,Yes,12,60-69,QLD,4,
3186,3199,Diamond,Best,Female,Product Engineer,Manufacturing,Mass Customer,Yes,15,50-59,QLD,7,
3188,3201,Diamond,Best,Male,Assistant Professor,Financial Services,Mass Customer,Yes,1,20-29,NSW,8,
3189,3202,Diamond,Best,Male,Office Assistant IV,Financial Services,Mass Customer,Yes,2,20-29,NSW,9,
3195,3208,Diamond,Loyal,Female,VP Marketing,Financial Services,High Net Worth,No,15,50-59,VIC,2,
3202,3215,Diamond,Loyal,Male,General Manager,Financial Services,Mass Customer,Yes,7,40-49,NSW,11,
3204,3217,Diamond,Best,Female,Physical Therapy Assistant,Manufacturing,Mass Customer,No,8,50-59,NSW,11,
3207,3220,Diamond,Loyal,Male,Research Assistant IV,Manufacturing,Affluent Customer,No,11,50-59,NSW,10,
3210,3223,Diamond,Best,Female,Database Administrator III,IT,Mass Customer,Yes,13,60-69,NSW,9,
3211,3224,Diamond,Loyal,Female,Automation Specialist III,Manufacturing,Affluent Customer,No,3,20-29,VIC,8,
3212,3225,Diamond,Best,Male,Chief Design Engineer,Health,Mass Customer,Yes,4,40-49,NSW,11,
3215,3228,Diamond,Loyal,Female,Social Worker,Health,Mass Customer,No,13,60-69,NSW,1,
3218,3232,Diamond,Best,Female,Payment Adjustment Coordinator,Financial Services,Mass Customer,Yes,9,30-39,VIC,10,
3225,3240,Diamond,Loyal,Male,Chief Design Engineer,Health,Mass Customer,Yes,6,40-49,NSW,8,
3226,3241,Diamond,Best,Male,Budget/Accounting Analyst IV,Manufacturing,Mass Customer,Yes,16,40-49,QLD,7,
3227,3242,Diamond,Loyal,Female,General Manager,Manufacturing,Affluent Customer,Yes,14,60-69,VIC,8,
3232,3247,Diamond,Loyal,Female,Structural Engineer,Manufacturing,Mass Customer,Yes,5,30-39,VIC,5,
3234,3249,Diamond,Loyal,Female,Analog Circuit Design manager,Manufacturing,Mass Customer,Yes,14,40-49,NSW,4,
3236,3251,Diamond,Best,Female,Safety Technician II,Financial Services,High Net Worth,Yes,8,40-49,NSW,10,
3237,3252,Diamond,Loyal,Female,GIS Technical Architect,Financial Services,High Net Worth,Yes,14,30-39,NSW,12,
3240,3255,Diamond,Whales,Female,Engineer IV,IT,High Net Worth,No,10,20-29,VIC,10,
3241,3256,Diamond,Best,Female,Professor,Financial Services,Affluent Customer,No,6,30-39,QLD,9,
3243,3258,Diamond,Best,Female,Sales Representative,Retail,Mass Customer,Yes,18,40-49,NSW,9,
3247,3262,Diamond,Best,Male,Product Engineer,Entertainment,Mass Customer,No,12,60-69,QLD,8,
3249,3264,Diamond,Best,Male,Business Systems Development Analyst,Financial Services,Mass Customer,Yes,17,40-49,NSW,11,
3258,3273,Diamond,Loyal,Female,General Manager,Entertainment,Mass Customer,No,11,40-49,VIC,12,
3268,3283,Diamond,Best,Female,Administrative Officer,Property,Mass Customer,Yes,6,40-49,NSW,8,
3271,3286,Diamond,Best,Male,Assistant Media Planner,Entertainment,Mass Customer,No,20,60-69,VIC,7,
3275,3290,Diamond,Best,Male,Assistant Manager,Manufacturing,High Net Worth,Yes,18,60-69,VIC,8,
3278,3293,Diamond,Whales,Female,Automation Specialist IV,Retail,High Net Worth,No,17,30-39,NSW,11,
3280,3295,Diamond,Best,Male,Human Resources Assistant III,Retail,High Net Worth,Yes,9,60-69,VIC,4,
3281,3296,Diamond,Loyal,Female,Quality Engineer,Financial Services,Affluent Customer,Yes,17,40-49,NSW,11,
3283,3298,Diamond,Whales,Female,VP Quality Control,IT,Affluent Customer,Yes,1,40-49,VIC,7,
3285,3300,Diamond,Whales,Male,Executive Secretary,Retail,Mass Customer,No,14,60-69,NSW,9,
3292,3307,Diamond,Whales,Female,Analyst Programmer,Health,High Net Worth,No,14,40-49,QLD,2,
3300,3315,Diamond,Best,Female,Account Executive,Property,Mass Customer,Yes,5,20-29,VIC,7,
3304,3319,Diamond,Loyal,Female,Actuary,Financial Services,Affluent Customer,Yes,19,50-59,VIC,7,
3311,3326,Diamond,Loyal,Male,Nurse,Manufacturing,High Net Worth,Yes,22,40-49,NSW,9,
3312,3327,Diamond,Loyal,Male,Teacher,Manufacturing,Mass Customer,No,15,50-59,VIC,4,
3315,3330,Diamond,Loyal,Female,Food Chemist,Health,Mass Customer,Yes,18,60-69,NSW,12,
3320,3335,Diamond,Loyal,Male,Editor,Health,Mass Customer,No,16,40-49,QLD,1,
3322,3337,Diamond,Best,Male,Research Assistant IV,Argiculture,Mass Customer,Yes,16,40-49,QLD,4,
3329,3344,Diamond,Best,Female,GIS Technical Architect,IT,Affluent Customer,Yes,1,20-29,NSW,12,
3345,3360,Diamond,Loyal,Female,Quality Engineer,Health,Affluent Customer,No,5,60-69,NSW,10,
3355,3370,Diamond,Loyal,Male,Data Coordiator,Financial Services,High Net Worth,Yes,5,70-79,NSW,12,
3356,3371,Diamond,Loyal,Female,Analyst Programmer,Retail,Mass Customer,No,17,40-49,QLD,4,
3360,3375,Diamond,Best,Male,Accounting Assistant I,Financial Services,High Net Worth,Yes,6,30-39,NSW,10,
3364,3379,Diamond,Whales,Female,Food Chemist,Health,Mass Customer,Yes,2,20-29,VIC,11,
3367,3382,Diamond,Best,Male,Business Systems Development Analyst,Manufacturing,High Net Worth,No,10,40-49,VIC,10,
3373,3388,Diamond,Loyal,Male,VP Marketing,Retail,Mass Customer,No,7,30-39,NSW,6,
3375,3390,Diamond,Whales,Female,Programmer II,Retail,High Net Worth,No,7,50-59,VIC,8,
3379,3394,Diamond,Whales,Male,Environmental Specialist,Health,Mass Customer,No,22,50-59,NSW,10,
3380,3395,Diamond,Loyal,Male,Environmental Specialist,Financial Services,Mass Customer,No,3,30-39,VIC,8,
3387,3402,Diamond,Best,Female,Statistician II,Retail,Mass Customer,No,10,30-39,NSW,1,
3390,3405,Diamond,Loyal,Female,Project Manager,Financial Services,Mass Customer,Yes,3,20-29,QLD,6,
3391,3406,Diamond,Loyal,Female,Business Systems Development Analyst,IT,Mass Customer,Yes,10,40-49,NSW,9,
3392,3407,Diamond,Best,Male,Cost Accountant,Financial Services,High Net Worth,Yes,19,60-69,VIC,10,
3396,3411,Diamond,Loyal,Female,Physical Therapy Assistant,Property,Mass Customer,Yes,20,40-49,VIC,5,
3405,3420,Diamond,Best,Male,Financial Advisor,Financial Services,Mass Customer,Yes,19,40-49,QLD,5,
3406,3421,Diamond,Loyal,Female,Computer Systems Analyst II,Health,Affluent Customer,Yes,18,60-69,NSW,10,
3412,3427,Diamond,Best,Male,Help Desk Operator,Financial Services,Mass Customer,Yes,17,40-49,NSW,9,
3416,3431,Diamond,Loyal,Male,Community Outreach Specialist,Property,Affluent Customer,No,5,20-29,VIC,1,
3418,3433,Diamond,Best,Female,Computer Systems Analyst II,Property,Mass Customer,No,2,20-29,VIC,8,
3421,3436,Diamond,Loyal,Female,Senior Editor,Financial Services,Mass Customer,Yes,5,60-69,NSW,10,
3430,3445,Diamond,Whales,Male,Database Administrator I,Financial Services,Affluent Customer,Yes,11,50-59,VIC,4,
3436,3451,Diamond,Best,Male,Sales Associate,Retail,High Net Worth,No,10,50-59,NSW,5,
3447,3462,Diamond,Whales,Female,Registered Nurse,Health,High Net Worth,No,17,60-69,VIC,1,
3452,3467,Diamond,Whales,Male,VP Quality Control,IT,Mass Customer,No,21,40-49,QLD,6,
3455,3470,Diamond,Best,Female,Recruiting Manager,Health,Affluent Customer,Yes,6,50-59,VIC,11,
3462,3477,Diamond,Loyal,Female,Senior Developer,Financial Services,Affluent Customer,Yes,7,20-29,NSW,7,
3467,3482,Diamond,Loyal,Female,Clinical Specialist,Health,Affluent Customer,Yes,2,20-29,QLD,8,
3480,3495,Diamond,Best,Female,Programmer III,Financial Services,High Net Worth,No,8,30-39,NSW,9,
3484,3499,Diamond,Loyal,Male,Administrative Assistant IV,Manufacturing,Mass Customer,Yes,7,40-49,QLD,9,
